name,age,street,city,city,zip,lng,lat
Jeremiah Roberts,53,2918 Paula Vista,Ashleyhaven,Indiana,22122,-70.026027,32.335621
Amanda Davis,22,92070 Lopez Rapid,East Judy,Missouri,18978,-134.673085,-62.269167
Karen Mcclain,28,59694 Gail Underpass,Stevechester,Alaska,79156,7.916012,-37.3153835
Charles Walton,53,824 Andrew Vista,Brownville,Montana,71698,68.141593,55.4594965
Sharon Brown,31,1080 Bond Roads,South Jessicastad,Alabama,94329,132.021489,-46.954066
Francisco Conley,35,303 Nancy Roads Suite 363,Lake Brandonland,Rhode Island,10166,98.396185,-39.036759
Caleb Hines,25,6776 Richard Roads,Lake Amanda,Wisconsin,35995,-127.766339,-22.5093765
Billy Sullivan,40,670 Peterson Squares Apt. 842,Port Danielle,Delaware,51840,169.314261,-34.0738215
Donald Mendez,47,593 Norton Islands,Paulatown,New Mexico,14733,-118.174226,64.5869815
Kyle Thompson,62,6174 Lynn Hill Apt. 259,East Dustinmouth,Mississippi,09458,3.117642,-19.324265
Renee Bishop,38,12086 Shepard Plaza,Charlesfort,Pennsylvania,45932,-158.517670,-35.5312295
Haley Mann,38,30719 Peter Row,Port Calebmouth,Louisiana,23290,171.609861,-83.6399215
Edgar Cook,27,0374 Murphy Parkways Apt. 938,East Jade,Massachusetts,05180,137.442784,47.9261835
Sandra Riley,56,899 Tiffany Ridges,Lake Matthewview,Tennessee,33527,49.222928,-62.6577285
Sarah French,52,2153 Keller Ramp,Valeriehaven,Oregon,17993,7.772127,-0.0529545
Michael Wilson,50,1585 Ricardo Field,Carlaton,Texas,70955,137.432676,52.169393
Kyle Middleton,43,868 Spence Stream,North Elizabeth,Montana,12259,-17.348815,66.9370375
Regina Reynolds,20,2529 Katherine Fork Apt. 888,Port Nicolefurt,Delaware,14122,-57.527272,89.5774135
Mark Williams,25,58607 Timothy Glens Suite 299,Masonville,New Mexico,56590,136.461701,58.6401715
Joseph Henderson,61,2107 Williams Divide Apt. 667,New Brandonstad,Missouri,66322,148.077420,47.981517
Elizabeth Hampton,35,164 Joel Inlet Suite 964,Harrisonside,Massachusetts,61468,147.695421,70.896721
Marissa Robles,35,252 Robin Parkway,Alexandrahaven,Wyoming,79028,86.878841,76.0170875
Stephanie Graves,59,817 Peter Port,New Renee,Arizona,26631,-127.624242,68.851456
Adam Austin,58,238 Munoz Mountain,New Lorishire,South Dakota,13652,-55.779049,65.120150
Caleb Mueller,45,021 Pacheco Junctions Apt. 797,Nancyburgh,California,89879,60.447237,26.688215
Charles Mullins,37,889 Hudson Tunnel,Baldwinfurt,Maryland,32280,46.833008,-28.365568
Alexander Brown,29,3287 Patricia Well Suite 339,Melanieville,New York,08040,-42.539508,3.9736205
Aaron Gutierrez,47,8721 Martinez Camp,East Sherrymouth,Colorado,29643,158.230662,-0.673998
Alice Stokes,46,154 Jessica Manor,Lake Tyler,Alabama,94893,-104.504880,-64.8598135
Sarah Miller,34,5381 Evans Corner Suite 780,North James,Nevada,47180,164.062188,25.644569
Kevin Miller,37,432 Martinez Hill,Lake Davidhaven,Kansas,15234,-105.186346,-21.392409
Daryl Vega,50,0222 Maria Ways Apt. 960,Emilymouth,Maryland,23996,-35.208389,-87.3794085
Lisa Rivera,25,843 Shaw Cliffs Suite 476,South John,Wyoming,64421,4.708936,-0.9935395
Lisa Payne,51,9802 Mikayla Mission,Aguilarburgh,West Virginia,08959,64.503685,9.915686
Leslie Jones,34,21024 Gray Plaza,North Karenmouth,West Virginia,53395,-117.269455,-73.8508585
Sophia Anderson,29,02495 Rivera Passage Apt. 168,Lopeztown,Vermont,03506,175.471862,-46.4300595
Deborah Caldwell,37,354 Bolton Junctions,Martinton,Virginia,63695,82.401216,17.6861235
Kim Johnson,20,01284 Norton Harbor,Brownfort,Nevada,58577,116.756508,-68.6323615
Kathleen Gibson,23,5396 Young Meadow Suite 565,Jasonchester,Idaho,47441,61.208471,-87.819163
Craig Mason,30,16792 Clements Cove Suite 316,Evansbury,Kansas,85267,156.196610,74.8380315
Margaret Jones,48,81798 Ronald Cape,Dianeville,Maine,29044,47.937531,21.6796765
Jacob Ray,23,6428 Christina Branch,New Anthonyview,Minnesota,37127,-55.933109,16.362203
Andrew Jones,64,7436 Jessica Knolls Apt. 224,Anitaton,Hawaii,04767,-20.341552,67.482107
Zachary Keller,20,39669 Erickson Port,Simpsonside,Wisconsin,96644,-101.938027,79.196508
Brent Collins,42,229 Williams Squares Suite 161,Lake Stevenburgh,Arizona,40725,124.325599,7.4966755
Melissa Scott,56,04615 Perez Bypass,Christopherville,Montana,83289,179.117250,28.047028
Laurie Johnson,23,34393 Martin Ramp Apt. 084,Laurafort,North Carolina,22835,99.578026,56.727325
Erik Price,56,08432 Rebecca Road,East Cynthia,Connecticut,15473,-16.066565,-29.9474045
Laura Gomez,26,5719 Allen Springs,Jayport,Illinois,53107,140.826399,-71.493163
Steven Scott,21,0350 Vincent Radial,Jenniferstad,South Carolina,33896,31.834419,-66.0036005
Douglas Burke,29,12687 Avery Isle Suite 117,Simmonsfurt,New York,23195,41.155929,19.0081745
Steve Fleming,48,75789 Betty Loop Suite 878,Morrishaven,Illinois,43541,34.127294,-78.0665735
Robert Norris,20,3798 Tamara Forks Apt. 520,Jenniferburgh,Arkansas,95286,-43.461629,55.638572
Melissa Huang,35,83744 Dawn Summit Suite 970,West Ianborough,Connecticut,13670,68.879993,-85.4479735
Nancy Melendez,20,0845 David Centers,Chelseachester,Nevada,59273,24.439983,86.274518
Kendra Bennett,52,505 Meyer Square Apt. 157,New David,Nebraska,29122,-140.813360,-21.872439
Christopher Figueroa,43,299 Amy Drive Apt. 856,Port Hectorside,Maine,82571,-4.048000,-89.377439
Joshua Kelly,33,0596 Wright Route,Christinefurt,South Dakota,46513,35.030313,18.584649
Jessica Olson,53,48065 Page Stream Apt. 756,Lake Kevin,Oregon,47904,-107.404496,-33.616628
Joshua Thomas,22,60759 Cassidy Pines Apt. 196,Charlesville,Nevada,53395,135.384875,64.2379555
Taylor Ramirez,28,28611 Christine Trafficway Apt. 490,North Davidmouth,New Mexico,85198,-121.565893,-58.812508
Wesley Byrd,46,239 Parks Light,New Rhondachester,Arizona,58921,-102.910094,-7.6428115
Stacey Terrell,54,03119 Alvarez Springs,New Robertport,Kentucky,54754,129.671229,20.9896185
Dennis Avila,31,17606 Jessica Locks,Port Kim,New Jersey,61604,-140.124186,20.9662935
Richard Smith,37,700 Hill Ports,Juanmouth,Pennsylvania,67116,115.557818,-25.9488655
David Smith,29,0232 Jeanne View,East Shannonside,Texas,91951,10.879312,5.8380195
Ronald Camacho,40,46277 Lisa Centers Apt. 135,West Sharonchester,Nevada,84659,98.483961,-19.348752
Dustin Chambers,56,0929 Braun Run,West Heather,Michigan,49215,1.244604,39.5055245
Kathleen Gregory,52,01391 Wendy Route,Fisherville,Illinois,17319,90.209817,-46.352557
Kimberly Baker,35,6055 Love Mountain,East John,Colorado,55160,23.296118,-39.3194995
Brittany Weaver,52,395 Carter Ports,Harrisbury,Alaska,06784,165.785050,-50.4192195
Thomas Swanson,58,2558 Robertson Forges,East Denise,Michigan,01674,148.189872,78.652850
Anne Brown,54,50266 Zachary Mountains Suite 463,Lake Joshua,Montana,32311,-67.433144,-83.455893
Heather Harris,43,594 Clayton Viaduct,Jaredtown,Idaho,34848,108.698882,-54.1377075
Samuel Carter,48,7992 Moore Light Apt. 120,Lake Mckenzieberg,Arkansas,72357,-119.144438,-14.743708
Benjamin Patton,42,63517 Taylor Burgs,Hickshaven,Washington,20756,5.791128,-24.8955985
Tonya Hernandez,21,39110 Kimberly Mission Apt. 503,East Matthewport,Nevada,33362,126.183783,-44.5819175
Brandi Patrick,47,6659 Kevin Harbor Apt. 939,Williestad,Wisconsin,61211,-27.323534,27.3682955
Brandy Lowe,32,024 Brandt Groves,Patriciabury,Vermont,94872,177.947536,-44.738929
Robert Johnson,29,071 David Field Apt. 918,Marshallbury,Louisiana,55497,142.753627,73.323282
Denise Johnson,37,1545 Fowler Cove,North Kristyfort,Vermont,94672,-42.348780,-46.851765
Judy Hart,30,5175 Gary Lakes,Melissafort,Connecticut,54186,169.520636,72.6931235
Matthew Christian,57,720 Amber Springs Suite 057,East Jodi,Vermont,32940,156.692793,13.8607495
Matthew Gregory,48,3931 Johnson Ranch,Shawnfurt,Massachusetts,77168,-109.526035,-24.116909
Jeffrey Gibbs,40,69595 Lorraine Views Apt. 279,Whitakerborough,Minnesota,39059,-9.228806,-61.5086835
Maria Curtis,65,515 Casey Rapid Suite 033,Williamland,Nevada,99467,-74.863090,68.1970805
Kristina Bishop,53,785 Wright Land Apt. 122,Garyhaven,Kentucky,81162,-102.829254,56.773424
Paul Blackwell,29,7988 Murray Knolls Suite 569,Wadebury,Nevada,39105,-75.231645,14.956159
Glenn Villarreal,33,58665 William Stream,Shawnberg,Alabama,02605,-141.510083,61.569132
Mario Perez,44,763 Wall Rue,Williamside,Wisconsin,93585,-119.798222,-20.9693835
Kimberly Yang,36,569 Robert Plain,Fernandezport,New York,53675,-46.482743,-43.2745475
Scott Wiley,28,286 Dickerson Turnpike,Isabelside,Nebraska,37574,55.267382,-54.639210
Tonya Clark,60,997 Torres Ridge,Laurentown,Wisconsin,71914,76.466936,82.3732665
Brenda Martin,23,014 Erickson Terrace Apt. 381,Smithfort,Texas,29901,-98.723330,72.381786
Brianna Henry,51,5367 Marshall Spur Apt. 159,Atkinsonchester,Florida,01280,-121.130444,19.1301525
John Lin,53,86921 Powers Estate,New Rodneyland,Alabama,97355,10.726406,13.6188245
Heather Perez,36,505 Sparks Shore,Port Laurenmouth,Connecticut,51297,-110.462823,69.692244
Christopher Ruiz,31,79464 William Underpass,South Rodney,Colorado,81179,148.714430,-57.125248
Brittany Moore,24,407 Griffin Spur Apt. 012,East Carl,Michigan,12303,-43.612677,1.955694
Joseph Cruz,33,5818 Howard Mission Apt. 960,Port Jeffreyshire,West Virginia,46185,157.104027,79.2644895
Tammy Pruitt,22,74272 Jennifer Corner,East Joshuafort,Arkansas,87954,112.962330,-10.618063
Harold Hughes,59,573 Brittney Villages,Lake Andrew,South Dakota,91062,140.180859,7.4481395
Todd Rivera,50,99981 Goodwin Road Apt. 524,New Richardmouth,Georgia,12901,-112.722379,-19.660112
Dylan Butler,33,2385 White Extension,West Sandra,New York,98552,-141.012125,-83.606666
Michaela Stark,48,8916 Stephanie Loop Suite 835,Tracyberg,California,95707,-177.323384,-61.904909
Joanna Murphy,49,230 Brian Falls Apt. 980,Andrewville,Alaska,92511,88.337055,49.6399215
Gina Weaver,56,6728 White Harbor Apt. 863,West Matthew,Wisconsin,69760,-172.050850,-73.507795
Alicia Duncan,37,0456 Robert Mission Apt. 178,New Jamesville,Oregon,52754,173.591284,-59.611638
Aaron Maldonado,30,84974 Allison Springs,Meganview,Massachusetts,38907,-17.362857,-66.4180275
Kathryn Osborne,58,282 Rodriguez Mall Suite 785,Lake Brianmouth,Nebraska,81471,-89.227988,-89.526659
Sarah Taylor,24,95438 Erik Square Apt. 123,Sosaberg,Delaware,45301,-42.507876,22.428587
Brenda Li,42,646 Joshua Mills Suite 704,Coryberg,Nevada,71081,-49.111910,-84.5139585
John Andrews,51,482 Jones Drives,Maryhaven,New Hampshire,63924,-42.236162,-29.4599345
Connor Rollins,28,221 Stephanie Crossroad,New Adam,Idaho,23583,65.962576,59.1024635
Blake Smith,41,02973 Hannah Crest Apt. 464,Richardchester,Louisiana,59180,126.378973,-18.476354
Adrienne Jennings,65,7838 Lester Circle Suite 000,Calderonmouth,Nevada,73308,-39.849528,-17.547272
Douglas Robbins,63,6829 Jones Brook Apt. 456,Lake Jessica,New Jersey,12050,-93.632319,52.8809175
Amanda Hamilton,25,6472 Green Track Apt. 434,Jonesborough,Tennessee,41232,-48.367148,33.421380
John Smith,35,5055 Andrea Branch Apt. 364,Annbury,North Dakota,65413,-36.889228,-31.473463
Jennifer Kelley,34,1881 Amy Freeway,North Kathytown,Colorado,37423,43.303927,11.321899
Ashley Turner,26,15183 Saunders Centers Suite 602,Henryshire,Alabama,97181,80.720098,35.693538
Eric Chang,59,391 Caleb Drives,West Tina,Colorado,26921,122.496437,23.019567
Jasmine Petersen,51,89517 Tammy Place,Johnsontown,Utah,11317,-179.398113,17.294771
Evan Willis,62,253 Rodriguez Passage Apt. 995,Davisberg,Michigan,01828,-27.230143,-13.0118405
Corey Thompson,39,25383 Barton Lake Apt. 552,Monicachester,Nevada,10758,-70.653737,-65.918444
Julie Delgado,29,7901 Travis Mill,Kathytown,Nevada,16611,160.438253,49.977065
Kevin Davis,65,81755 Brown Glen,Daughertyside,Louisiana,22264,109.486952,38.1446555
Caroline Miller,25,760 Bernard Meadows,Colemanstad,Florida,63547,176.670953,-63.737414
Crystal Robinson,51,8972 Garrett Rue Suite 367,West Nathanielside,New Hampshire,25471,103.505618,-49.0339205
Sandra Greene,65,11816 Robinson Spur Suite 143,Carpenterborough,Alaska,95061,-10.436399,37.4532345
Samantha Graham,21,616 Martin Parks,East Nicholasmouth,Connecticut,39619,-178.810255,-1.109519
Patrick Kim DDS,29,366 Anna Circles Suite 390,Lawsonbury,Virginia,42803,116.402194,54.325063
Aaron Simmons,33,340 Wilson Corners Apt. 088,Pamelaborough,Indiana,93814,32.374269,-68.397795
Cody Koch,35,197 Mays Village,Port Amanda,Wyoming,26609,61.723157,-16.3002795
Christopher Graham,30,5947 Kelli Circles Suite 223,Williamville,Missouri,51473,43.322604,-7.563570
Jason Powell,21,623 Mccormick Bypass,South Marcuschester,New Hampshire,32032,142.137304,73.335934
Andrew Carpenter,42,1978 Melissa Ford Apt. 484,Jacobmouth,Virginia,28537,161.896572,57.229974
Jason Tran,36,38408 Jaclyn Pike,Cannonton,Rhode Island,61350,-69.201296,1.896294
Heather Schaefer,30,6976 Smith Coves Suite 175,North Danaburgh,Iowa,93994,-60.706386,-13.4095865
Rachel Le,63,7334 Miranda Shores Suite 735,South Jorgechester,Louisiana,46265,-5.730599,-5.423736
Jason Bishop,32,293 Horne Dale,Tinaburgh,Illinois,79862,-79.893941,12.115687
Robert Rodriguez,51,41197 Martinez Junction,Lake Alexanderchester,Oklahoma,98711,61.986470,11.2100265
Charles Johnson,45,8538 Moore Hill Suite 878,Jonesburgh,Indiana,62576,-70.981982,-16.2126635
Sean Ray,27,69396 Joseph Alley,North Alexander,Connecticut,22418,18.760094,35.010253
David Luna,31,30341 Kelsey Cape,Waltersborough,Wisconsin,38403,136.347224,19.3653845
Christopher Chandler,45,201 Calvin Harbor Suite 857,Thomasfort,Nevada,56686,30.316374,39.0183845
James Wallace,49,9052 Laura Parkways,Port Jennifer,Illinois,81865,162.040846,69.4779045
Bridget Bailey,21,57041 Fletcher Expressway,Elizabethshire,Hawaii,32900,23.481321,25.136719
Veronica Carter,42,9040 Sara Mall Apt. 243,Kimberlystad,Kentucky,06803,-147.228682,-21.968642
John Davis,23,820 Rebecca Mission Suite 200,East Beckymouth,Tennessee,80930,-163.392856,26.8131935
Anthony Alvarez,49,0856 Zachary Forest,Patriciafurt,Utah,35652,-143.890854,46.184243
Tamara Harper,28,71333 Stevenson Gardens Suite 827,East Erik,Kansas,34118,0.323373,-21.808967
Kimberly Allen,28,152 Aguilar Meadow,North Elizabethberg,Illinois,56208,-23.322131,-11.0245065
Roy Davis,31,582 Lewis Rue,New Patricialand,Kentucky,42173,-118.804827,17.383100
Robert Hebert,63,04753 Robert Ridge Apt. 566,Boydview,Idaho,47029,144.400283,9.2209105
Tammy Hamilton,41,33973 Sheri Corners,Kaylabury,Iowa,64042,158.217626,-50.040955
Kevin Barber,64,45698 Wheeler Mount Suite 923,Kaylamouth,Arkansas,52568,-54.725911,84.094467
Justin Knight,65,740 Travis Streets Apt. 055,Barrettshire,Ohio,58129,-30.143135,-12.4740115
Sherry Lee,24,05622 Julie Harbors,Victoriahaven,Washington,19524,132.076369,72.544344
Amber Webb,30,06837 Davis Grove,Mortonfort,Louisiana,79409,63.757594,-82.887009
Veronica Strickland,26,403 James Isle Suite 196,Johnchester,Ohio,47202,86.455622,-89.3555625
Stacey King,37,923 Kelsey Trafficway,Harriston,Virginia,15479,83.031276,23.0058665
Patrick Shannon,48,79387 Knight Prairie,East Jeff,Iowa,72302,162.097566,-87.311709
Jennifer Tate,56,810 Joseph View Suite 456,Jacksonport,Iowa,56929,-18.420928,-5.1377585
Erin Martin,63,91571 Elizabeth Manors,Millerton,South Dakota,34867,41.864120,-26.0608445
Lawrence Garrett,33,24198 Jay Springs,Lake Diana,Missouri,25397,137.197401,-17.325649
Lisa Collins,39,368 Noah Trail,Richardland,New Mexico,67204,59.714065,59.832123
John Lopez,50,039 Gomez Landing,East Nicole,Utah,01422,80.887277,-49.955897
Ryan Bowers,50,70449 Thompson Vista,Balltown,Nebraska,28345,-110.604811,22.226879
Shelby Matthews,36,7124 Patricia Flats Apt. 689,Jasonville,Kansas,35068,60.672861,40.873037
Dawn Lara,65,5339 Kimberly Station Suite 752,Briannashire,Alaska,54710,-154.438910,-40.026092
Daniel Moody,43,58992 Castillo Plaza Suite 207,Grahamfurt,California,95897,124.271659,-85.4126675
Kara Graham,65,158 Morales Land,Lisafort,Utah,74335,20.969830,67.565818
Kim Ward,45,534 Nicole Cape,Yvonnebury,Rhode Island,34067,-168.507342,-74.950287
Teresa Torres,39,28334 Michael Cape,Reyestown,Oklahoma,48963,-102.773832,-21.417933
Phillip Hunt,36,23477 Tammy Groves,Justinport,Missouri,35635,-0.814193,24.597013
Victoria Richardson,55,2212 Nathan Plains Apt. 935,North Craig,North Dakota,91500,118.362555,-35.544699
Kristopher Carey,62,95490 Amanda Stravenue Apt. 284,Fisherberg,North Carolina,41798,-31.377635,22.019675
Jeffrey Moore,48,38998 Newman Station Suite 537,Harveyview,South Dakota,72632,73.710160,69.8403325
Edwin Hernandez,60,558 Acosta Shoals,Michaelview,Wyoming,80905,-173.277283,-18.6494275
Francisco Valdez,21,8035 Ana Lakes Suite 614,Dunnbury,North Carolina,59995,-58.152967,-31.1752455
Laura Robinson,24,6779 Ryan Mountains Apt. 207,East Thomaston,Colorado,73352,-89.855154,50.5060395
Tammy Smith,48,00570 Tina Center Suite 071,New Kenneth,Nebraska,71173,-52.355023,-22.929535
Margaret Bailey,39,90465 Cook Square,New Jessicafurt,Alabama,61313,36.688914,42.4622425
Kevin Jones,25,58989 Sullivan Mews Apt. 030,West Christina,Kansas,78726,58.586223,9.8535775
Kathleen Jackson,23,56833 Ward Landing Apt. 306,South Rickyshire,Washington,20309,-2.090750,-3.1700295
Lindsay Campbell,33,02614 Watson View Suite 194,North Jeff,North Dakota,43701,81.255535,30.0664505
Aaron Green,55,39293 Elizabeth Forge Apt. 128,Nelsonshire,New Mexico,56699,173.522035,60.6823585
Robert Christian,29,0354 Franklin Crossroad Suite 816,Ashleymouth,Tennessee,57285,-148.097411,-40.680299
Jennifer White,25,324 Chen Hills Suite 285,East Hunterburgh,Virginia,93479,-13.123339,71.422728
Anthony Campbell,35,5148 Cobb Lakes,Nancyview,Utah,01074,-39.357056,37.467750
Jasmine Jackson,61,2958 Ray Rest Apt. 023,Jenkinsport,Alaska,22546,-97.493991,-61.4509675
Tiffany Carter,57,39643 Haas Rest,New Richardborough,North Dakota,89201,-170.305213,-8.5500665
Noah Hayes,32,8474 Henry Glen,Lake Johnport,Mississippi,46396,-77.032997,-56.419848
Mallory Gardner,61,89177 Bush Path,East Kimberlyland,California,92341,-127.814438,-67.3297265
Jon Branch,57,34774 Harrison Burgs,Luisshire,West Virginia,82674,-43.632144,53.788342
Jonathon Ramos,29,3977 James Villages Apt. 550,Melissahaven,Alaska,74525,28.355087,87.556093
John White,37,94783 David Lodge Apt. 829,Amandaview,Colorado,73426,50.982881,-49.156985
Ryan Caldwell,25,180 Howard Fork,New Matthewfort,Wisconsin,49606,-45.196740,-44.579386
David Burke,58,371 Carolyn Alley,East Melissafurt,Wyoming,84311,-82.893683,13.776857
Tracy Rhodes,42,8208 Jesse Loop,Obrienbury,Maine,23003,-85.183681,-18.824635
Adam Scott,63,862 Wilson Locks,South Richard,Colorado,88757,168.807089,9.474197
Jeffrey Vargas,63,8363 Soto Glen Suite 176,Morristown,Missouri,69786,10.428290,18.6329475
Kelly Sutton,45,8251 Donaldson Crest,New Jessica,Virginia,30585,37.831485,34.7249825
Patrick Armstrong,45,9038 Nicole Terrace Apt. 654,Kimside,Kentucky,07676,-108.359663,-29.583433
Emily Brown,35,0157 Adam Walks,Grayshire,California,55181,-125.535189,-12.2972835
Patrick Klein,57,1078 Cody Stravenue,Port Audreybury,New Mexico,00703,98.626271,37.145446
Jack Thomas,40,245 Barker Views Suite 766,Michaelside,Utah,04933,-174.183080,-60.6798975
Dustin Martin,64,40410 Barnes Brook Apt. 280,North Kimberlyfort,Delaware,74044,15.591945,64.0054735
Yvonne Brown,23,255 James Via Apt. 870,Port Samantha,Illinois,33510,-131.417123,-43.193527
Timothy Hughes,45,20666 Thomas Ranch,Port Amyville,Nebraska,45971,126.680284,59.622435
Jessica Elliott,58,287 Phillip Trace Apt. 972,West Brian,Utah,38116,30.767405,47.6697585
Austin Hall,28,57702 Nicole Cove,Christinaborough,North Dakota,27188,62.821739,46.2064655
Misty Watson,61,7909 Adams Stravenue,Sandrashire,South Dakota,34921,19.086271,84.353738
Todd Houston,46,872 Mullen Shoals Apt. 640,Anthonyfurt,Oklahoma,59355,-113.821953,42.415814
Dana Delacruz,41,2832 Rivers Junction,East Jimmyland,West Virginia,12047,113.911022,-56.716451
Matthew Turner,64,13769 Laura Ranch Suite 215,South Pamelaberg,Louisiana,63432,-118.636861,11.7332805
Lindsey Robinson,27,01690 Victor Rapid Apt. 503,New Briantown,South Carolina,30531,-126.276626,-62.4455485
Heidi Perkins,39,299 Stephanie Parks,Tanyatown,Massachusetts,36137,-32.531072,76.4646315
Courtney Gardner,23,915 Henderson Hill,Lake Joshua,Indiana,78151,-141.351337,29.038362
Jerry Kim,47,80885 Boone Islands,Crystalside,California,38047,-130.001758,-37.1108855
Mary Thompson,27,918 Heather Walk Apt. 240,Lake Jenniferbury,Iowa,35642,-13.969864,-88.3712175
Mrs. Tammy Norton MD,42,68605 Thompson Plaza,Scottview,Arkansas,97950,64.623864,76.8132995
Ashley Garcia,44,900 Joseph Harbor Suite 354,South David,Maine,78738,102.770016,-28.2755895
Bethany Martin,34,85011 Carroll Forks Suite 007,North Anthonychester,Hawaii,59754,-13.228755,87.758913
Mr. Jason Banks,50,123 Clark Dam,Kristinabury,New Hampshire,72425,-86.437438,-80.8197145
Brittany Sellers,43,510 Russell Mount Apt. 092,Schmidtfort,Idaho,77236,-150.433873,88.6458875
Timothy Wells,48,768 Tara Knolls Suite 859,Port Michaelbury,Nevada,56406,-125.369870,87.259490
Sarah Williams,60,63706 Collins Garden,Marquezland,Montana,99052,42.836878,18.5054375
Michelle Cameron,54,524 Edward Fall,North Keith,Wisconsin,69945,-126.695834,38.5006615
Kimberly Webb,23,73481 Sawyer Passage,Pagefort,South Dakota,02696,-104.617699,83.0078785
Mrs. Crystal Thompson,51,83143 Haney Valleys,Ryanborough,Oklahoma,68200,-163.034814,59.5600495
Joseph Oliver,21,876 Lance Radial Apt. 133,Williammouth,South Carolina,75088,-72.495646,28.7348165
Deborah Rodriguez,24,2603 Berry Fork,Johnsonberg,Kansas,81264,-161.211117,78.3759735
Francis Salazar,52,7249 Lisa Centers,Lake Stephanie,Delaware,70252,24.741807,66.7819465
Nancy Frey,48,9853 Andrea Path Suite 476,Kempfort,Connecticut,97447,-176.308992,24.537204
Carol Smith,33,818 Williams Courts,West Elizabeth,New Mexico,80206,-44.232722,24.9973975
Karen Thompson,26,57521 Melton Village Apt. 182,Hensleyville,Oregon,27311,-154.853893,12.7268125
Angela Hale,57,25850 Galloway Course,Martinview,Indiana,25351,13.795067,-74.9283555
Bryan Miller,42,09062 Melton Via,Grossberg,Minnesota,98119,-40.060747,73.2991695
George Meza,48,591 Mcclain Landing,East Michele,Oregon,68067,-132.588372,-63.3032975
Jerry Rivera,46,7604 Patricia Valleys Apt. 900,East Stephanie,New Hampshire,68153,-126.748278,-59.4547945
Michael Johnson,23,6183 Courtney Park Suite 942,Port Victoria,New Mexico,24803,129.428495,-40.434938
Katherine Gutierrez,50,912 Jones Forges Suite 688,East Stevenmouth,California,68134,114.062647,-50.058160
David Bray,62,8722 Murphy Drive,East Kristina,Kansas,97321,32.092983,65.367282
Deborah Carney,44,078 Kimberly Stream,Bassberg,Vermont,24618,15.771159,-8.818265
Brenda Hutchinson,52,4921 Richmond Ferry Suite 858,Powellton,North Carolina,40646,-77.642655,49.113544
Katie Johnson,51,5828 Julie Junctions,Lake Dianeland,Mississippi,12938,-144.558192,70.6303105
Kelly Meadows,62,152 David Estates Apt. 592,Joshualand,Montana,69033,-7.191734,72.170534
Mary Powell,64,16938 Hendricks Plaza Suite 154,Codyborough,Iowa,17309,112.880682,-66.779215
Alan Fuentes,47,21327 Jeanne Parks,Leechester,Alabama,74414,-49.322218,-82.4800385
Angela Perez,53,222 Glenn Courts Suite 168,East Jennifermouth,Illinois,15090,119.891997,-78.7464735
Amanda Hamilton,25,939 Ryan Hills,New Gregoryburgh,Montana,50725,165.799703,13.895548
Anthony Lambert,49,3382 Gonzalez View,Port Cassandra,North Dakota,71172,-43.363085,68.392873
Laura Robinson,65,651 Case Court,Humphreyside,Illinois,30329,-105.172764,82.3526975
Gary Barry,40,07865 Robinson Manor,New Brianbury,Vermont,98748,85.617561,9.7839645
Jonathan Yoder,53,84237 Harmon Hills Apt. 420,Watsonport,Georgia,93606,112.597622,-49.2716705
Carl Brennan,41,205 Donna Curve,East Scottstad,Massachusetts,11551,-7.970148,86.185215
Paul Vasquez,48,32539 Chad Island Suite 821,Barrtown,Florida,16245,-127.044223,15.5376655
Charles Hernandez,37,6082 Stevens Circles Apt. 610,Orozcoland,South Dakota,58174,14.447299,77.360984
Paul Smith,41,621 Horn Plaza,Waltersfurt,Oregon,54845,16.804966,-40.907002
Virginia Blankenship,29,27486 Ryan Crossroad Suite 200,Tylerbury,West Virginia,32225,-143.352479,74.392916
Kelly Moore,62,2692 Washington Underpass,Rhodesfurt,California,10642,66.926400,-22.0993495
Brian Stone,65,36029 Brown Row,Heidifort,Kentucky,66962,-52.909794,-43.015932
Renee Smith,56,733 Bradford Heights,Kennethtown,Massachusetts,41378,74.579896,-48.6936575
Shelly Berry,50,6740 Marshall Flat Apt. 790,North Melissahaven,Hawaii,23944,-85.139097,52.4526985
Charles Martinez,46,7128 Hobbs Pine,Ericfurt,Tennessee,09435,62.645050,-10.1705605
Melissa Johnson,56,4225 Amanda Forge Apt. 288,North Sandrahaven,Georgia,09899,-61.027323,-62.996912
Erica Brown,36,5470 Harrell Circle Suite 469,Mirandafurt,Utah,13326,-130.827321,-2.5235195
Kelly Crawford,33,387 Ryan Glens Apt. 791,Richardsonmouth,Oregon,57102,109.120838,73.0839645
Lisa Bowman,43,859 Gary Flat Suite 087,West Chadstad,North Carolina,32154,83.247406,69.1378865
Charles Moore,63,3797 Padilla Road Suite 793,Thomasborough,Pennsylvania,53934,146.895605,36.0938945
Mrs. Kimberly Miller,51,5899 Ann Loaf,Thorntonmouth,Arkansas,29188,20.668544,70.2097135
Amanda Reese,65,9357 Richardson Lock Suite 253,Maldonadoshire,Oregon,63221,94.274933,-15.4563175
Jamie Sullivan,62,37394 Walker Circles,West Lisa,Indiana,39245,-117.244536,-36.382612
Louis Lewis,56,488 Gilbert Locks,Lake Scottland,Wyoming,42603,48.015343,41.296985
John Lane,45,53592 Amanda Crest Apt. 936,Charlesbury,Pennsylvania,47839,90.504204,-8.4128015
Kyle Simpson,20,02418 Bryan Ports Apt. 553,South Laurenbury,Rhode Island,57338,36.690336,-54.0166285
Heidi Peterson,44,9948 Lori Trace,Smithview,Oklahoma,38343,-67.262670,-26.799184
Craig Thompson,23,637 Joshua Road,Matthewville,Alabama,36284,52.999046,-8.989929
Debbie Yang,55,30951 John Ramp Suite 160,East Shelby,Kentucky,26304,3.294633,-87.4875585
Gary Adams,36,442 Andrea Streets Apt. 498,Brandonmouth,South Dakota,93545,-121.110386,-28.3684245
Julie Brooks,37,5946 Johnson Common,New Benjaminbury,New Mexico,65303,-43.258159,-2.123528
Ethan Walker,54,464 Heather Land,Garciaburgh,Washington,94606,-155.604184,77.4174705
John Henderson,20,30135 Davis Parks Suite 313,Port Martin,Louisiana,98574,28.360507,-56.9123705
Harold Valentine,51,854 David Lane,Port Karenview,South Carolina,23873,46.471114,-16.4307955
Erica Price,27,8280 James Causeway,West Michaelfurt,Virginia,27191,22.032236,-54.020518
Shelby Butler,51,71455 Ronald Road Suite 857,Willieside,Rhode Island,78290,-115.258184,64.269004
John Larson,31,31616 Paul Trace Apt. 699,Brandonton,Connecticut,77163,-96.916742,-50.5201225
Dr. Alison Fernandez DDS,38,68910 Edwards Skyway Apt. 611,Lake Shannonton,Minnesota,91510,151.153695,-65.032298
Donald Jones,31,1146 Linda Forks Apt. 100,South Seanbury,Wisconsin,91952,93.514901,45.356478
Debbie Harrison,38,002 Thomas Summit,Cookside,Florida,65455,127.390027,80.543387
Michael Chang,50,464 Rhonda Lock Suite 631,Keithton,South Dakota,17727,72.717677,86.5512085
Kathleen Morris,47,84341 Burns Skyway,Smithstad,Virginia,68358,-48.135612,-70.1164345
Sandra Sandoval,46,5812 Tracy Corners Suite 672,West Brian,Iowa,77372,-163.541687,35.538166
Michael Johnson,54,289 John Flat,Blaketon,North Carolina,30697,174.945337,83.9914775
Keith Rojas,33,1786 Daniel Trafficway,North Holly,New Mexico,07016,172.411211,30.040480
James Flynn,59,390 Shawn Camp Suite 285,Edwardberg,Rhode Island,59683,-169.953944,11.1573875
Dominic Gray,54,007 Davila Extension Apt. 262,Crystalshire,Alabama,19970,70.864370,11.9185965
Haley Chavez,58,58227 William Station,Meyersside,Colorado,39555,-164.029704,-73.128049
James Roach,45,7945 Brown Land Apt. 278,Schmidtland,Idaho,00745,-152.925751,51.217832
Ashley Adams,29,82135 John Oval,Duranhaven,Maryland,81076,45.619264,82.008988
Christian Harding,27,97114 James Shoals Apt. 956,East Matthewborough,South Carolina,68219,40.897979,42.0329605
Joel Banks,36,54080 Shelley Walks Suite 588,Claychester,Vermont,55408,110.413546,74.070615
Martha Garcia,34,94788 Brendan Key,South Sharon,Arizona,06564,-67.954942,6.4908455
Troy Owens,47,6075 Timothy Prairie,South Cory,Alaska,10836,135.688527,17.1344855
Jeremiah Bond,29,58787 Pamela Park,South Katrina,Indiana,22943,38.947372,79.5305465
Jean Graham MD,55,39189 Christine Union,Michelleburgh,Utah,21501,-103.754845,54.228533
Felicia Wagner,35,90594 Steven Brooks,North William,Delaware,89162,42.741994,3.4472645
David Potter,38,837 Charles Gateway,Sandramouth,Vermont,64517,-149.969470,67.8243215
Jamie Lynn,44,641 Dunn Corner,Port John,Mississippi,70798,61.030600,15.3793035
Maria Ramirez,38,5831 Gregory Tunnel Suite 906,Bellbury,California,92290,-1.275173,-11.970524
Tiffany Johnson,52,1360 Jones Drive,Parksmouth,California,73119,26.856862,-11.713866
Regina Hughes,45,419 Erik Causeway Suite 608,North Dannyville,Virginia,45330,138.972350,5.0072645
Jonathan King,54,93746 Sara Coves,New Jackville,Utah,49620,167.304929,-52.956006
Todd Schmidt,61,2042 Williamson Harbor,North Selenaland,Missouri,01604,-54.328298,-11.382442
Jacqueline Ware,34,826 Rodney Ports Apt. 588,Michaelstad,Minnesota,10801,108.029658,-37.021018
Sarah Soto,29,33111 Weaver Summit,Jillville,Hawaii,05495,100.124967,-83.223494
Abigail Wilson,57,5123 Leon Port Apt. 528,Patriciaview,Massachusetts,11268,142.219904,33.3661795
Mason Chan,55,8315 Brown Lock,Jillianberg,Arkansas,52864,-161.799922,2.425804
Rickey Cole,41,9575 Jordan Gardens,Stanleyside,West Virginia,14417,-170.997786,-60.9238915
Alexandra Joseph,51,36924 Cassandra Haven Apt. 848,Amberborough,Oklahoma,03320,164.974298,-79.155438
Steven Evans,38,2190 Flores Fords,South Danielle,Nebraska,46300,77.603231,-12.9418785
John Long,61,9191 Thomas Road Suite 263,Port Stephen,Virginia,41868,-29.979874,-74.817883
Randall Mcbride,55,57948 Zamora Inlet,Jesusborough,New York,32832,-7.312686,27.027904
April Reyes,64,4556 Andrew Mall,New Blake,New Jersey,68377,11.474673,-37.769168
Amber Reyes,56,2210 Jeanne Loop Suite 069,Port Willieshire,Tennessee,19044,131.854345,20.272291
Steven Pruitt,31,782 Holmes Orchard,North Katie,Alaska,92098,-63.882257,29.2547755
Laura Johnson,60,91300 Justin Union,New Jessica,Idaho,14016,-137.442257,-73.384475
Selena King,27,89897 Tyler Meadows,Katherineborough,North Dakota,38573,-82.443699,54.1051845
Katie Wilkins,34,09865 Torres Street,North Brianchester,Kansas,93971,-46.670181,-29.477294
Tiffany Jones,28,219 Bradley Valley,Washingtonfurt,Idaho,22239,3.031894,66.3228585
Linda Weaver,58,14869 Evans Green,Zacharymouth,Iowa,41796,-49.389495,26.4437625
Steven Mccarty,36,468 Cory Springs,Candacefurt,Ohio,09524,102.341885,5.9636645
Vanessa Davis,26,38287 Troy Pike Apt. 569,Adamfort,Oklahoma,78902,158.598727,25.7272425
Thomas Moore,57,365 Harmon Club Apt. 699,Port Kathleen,Wyoming,77552,16.162785,-14.5710665
Meghan Butler,47,1410 King Rapid,Crystalshire,Nebraska,32359,108.287559,-52.250242
Brett Maxwell,29,88821 Douglas Isle,Nelsonton,Utah,87250,82.514324,56.230937
Sandra Shah,39,1729 Thomas Corners,South Katiechester,Kentucky,59519,58.479932,-78.0562775
Douglas Mccoy,24,206 Derek Bridge,New Briannafurt,Wyoming,67343,106.279939,-59.167424
Maria Gonzalez,47,247 Amanda Lock,South Kellyview,South Carolina,24684,90.221618,13.6130205
Robert Mason,41,443 Mark Lane Apt. 842,Danielletown,Mississippi,79893,10.718756,86.478233
Nicole Thomas,57,730 Joan Burgs Suite 042,Robertport,North Dakota,88407,-152.175293,-50.0051315
Ryan Alexander,47,72762 Wilson Flat Suite 854,New Jodishire,New Mexico,52740,27.828269,-74.4236945
Kevin Glenn,27,751 Maria Spur,New Sherry,Tennessee,12174,162.907335,70.693020
Keith Williams,33,761 Mccoy Spur,Meganshire,New Mexico,22809,49.879016,-26.746360
Karen House,31,5393 Thompson Ford Apt. 227,Port Maryfort,New Hampshire,27219,-179.630574,-28.9200365
Jennifer Hall,35,4981 Reynolds Lights,Marissafurt,Tennessee,27875,116.810785,3.481814
Tiffany Barrett,63,073 Anthony Walks Suite 450,Mariaview,North Carolina,31839,-78.022428,-10.261853
Kyle Bell,42,521 Victoria Squares Suite 893,Payneland,Alaska,12390,-56.586648,-74.412019
Diane Chen,29,03666 Kevin Highway,North Sandystad,North Carolina,15065,-7.799538,-74.6724375
Nicholas Wheeler,22,832 West Ways Suite 864,Frankside,Massachusetts,49954,85.075588,-33.390630
Brenda Nichols,40,608 Evelyn Fall Apt. 356,Jameston,Colorado,01360,179.556963,16.5419475
Laurie Watkins,34,1899 Michael Squares,West James,Colorado,32730,-48.363880,-58.311196
Kenneth Alvarez,33,857 Jonathan Viaduct,Madelinestad,Wyoming,20001,-59.095652,-75.539585
Alyssa Moon,56,0720 Brooks Camp,Ebonyfurt,Arkansas,79919,113.987641,54.834039
Savannah Barrett,59,028 Beverly Orchard Apt. 006,North Aimee,Tennessee,35625,174.745278,-77.7071625
James Lee,41,205 Karina Plaza Suite 630,West Joanburgh,Maine,09327,-40.728239,73.5641025
Selena Moore,21,7615 Weber Ports,Port Ashley,South Carolina,84996,-147.839423,84.611619
David Pena,26,492 Miles Stravenue,Port Jamie,Texas,75646,-118.408187,-62.631862
Karen Kim,50,93041 John Ville Apt. 247,Larryfurt,Montana,54044,108.203806,0.851961
Peter Lopez,29,1489 Nicole Village Apt. 738,Lake Teresaburgh,Massachusetts,19444,47.291990,-49.5328265
Jeremiah Brown,38,2256 Amy Islands,Heatherstad,Minnesota,76557,156.805720,37.976807
Brandon Johnson,62,22241 James Garden,Hernandezview,Nebraska,31065,11.354625,-38.4770245
Donna Robinson,27,87580 Joseph Ville Apt. 601,Port Kristopherview,Arkansas,21889,158.492317,-59.3285325
Carmen Leon,52,872 David Flats Suite 096,East Lisamouth,Delaware,50301,84.467453,23.5774945
Drew Bass,54,9008 Richard Parkway,New Jacobville,Washington,63210,26.072121,51.9913645
Alyssa Atkins,39,3087 Berg Summit,Riverafort,Colorado,48910,163.040462,1.481589
Bobby Warren,51,745 Eric Pike,Cookburgh,Idaho,65738,-74.159984,59.9962735
Patty Austin,29,631 Williams Station,Blakeshire,Maryland,18022,72.348245,76.277689
Carolyn Morgan,59,33368 Vincent Walk Apt. 231,East Leslie,Georgia,80394,-50.369236,12.5551735
Kristin Walter,56,03190 Eric Corners,New Barryville,Florida,79957,39.070640,72.514718
Danielle Dean,28,56496 Julia Isle Suite 458,East Ronald,Washington,45874,26.542179,38.119700
Brett Brown,52,2244 Jacqueline Unions,South Thomas,New York,70096,-167.066595,35.4859775
Phillip Soto,20,306 Vazquez Squares,North Kellyland,Vermont,27950,115.854977,13.7409695
Angela Dixon,35,1037 Dominguez Hill Suite 101,Calderonton,Vermont,25573,130.910993,-35.9826205
Cheryl Vasquez,53,65643 Hunter Island,East Julieside,Pennsylvania,31335,106.980315,52.842255
Jacqueline Schwartz,48,111 Marshall Walks Apt. 374,North Crystal,Arkansas,99883,-136.053481,42.460317
Michael Mcbride,65,668 Candice Ville,New Rebecca,North Dakota,72006,22.908380,37.9565965
Sara Dougherty,29,326 Tammy Skyway Apt. 969,Carlsonbury,Hawaii,70802,98.592044,72.9092205
Amanda Medina,62,43222 Murray Harbor Apt. 674,Moodyborough,Vermont,65337,74.368017,86.9853575
Julian Morrison,65,02684 White Throughway Apt. 771,Port Dennis,New Jersey,59386,-178.125750,-83.499760
Colin Kennedy,20,605 Alexandra Summit Apt. 946,New Ronaldville,New Mexico,53954,175.363702,-73.732663
Janice Martinez,56,4735 Harris Passage,Villaberg,Colorado,69456,16.442899,74.879722
Stephen Lewis,27,1333 Michael Lake,South Johnton,Alaska,56353,172.432633,-39.7380875
Richard Jackson IV,25,15246 Hamilton Ford,Adamport,Illinois,69742,43.808814,-5.1221315
Scott Jones,27,3231 Jackson Island,Sanchezburgh,Virginia,30844,-19.570612,-54.950828
Brandon Ford,36,1541 Robles Mountains Apt. 775,Lake Ryan,Montana,36295,-145.736513,-78.036208
Gregory Becker,35,68819 Little Plain Apt. 998,South Thomasmouth,North Dakota,06731,158.562159,18.4035425
Mr. Aaron Wheeler,53,209 Fleming Hills,East Amandastad,Montana,47061,-84.863245,-0.4699855
Terri Hunter,65,6946 Steele Radial,East Olivia,Tennessee,20462,-77.976942,88.602191
Mrs. Courtney Brown MD,38,58450 Andersen Parks Apt. 283,Johnsonshire,Arizona,27825,43.246088,48.1716615
Wendy Gonzalez,52,715 Hood Orchard Suite 557,Hullchester,Louisiana,51192,109.307920,71.267887
David Russell,42,571 Fleming Hill Suite 672,Mariastad,South Carolina,65086,104.295643,60.297316
Marcus Hernandez,30,06859 Sherry Locks Apt. 594,North Todd,Texas,42121,-150.086598,-24.7454715
Jack Flynn,57,077 Larson Skyway Suite 636,South Matthew,Wyoming,48534,-72.532633,-82.089312
Teresa Lewis,65,5861 Charles Oval Apt. 639,New Antoniofort,Kansas,15794,-55.425128,89.642039
Tony Blake,46,389 Nathan Keys Apt. 843,Lozanostad,Florida,88392,-61.198848,-13.1033865
Jason Torres,22,019 Brittany Square,South Albertport,New Hampshire,68221,-77.176499,7.755646
Melanie Baker,47,897 Garcia Via,West Kellyport,Pennsylvania,79240,9.771358,78.5459505
Ryan Murray,34,652 Amy Gardens Suite 783,Lake Andrew,Wyoming,71639,-119.736522,-59.008898
Kaitlyn Berry,65,43650 Burgess Cove Suite 616,Davishaven,Arkansas,14099,-29.361823,-43.920694
Stephanie Brown,20,71135 Rowe Station,East Lisa,Virginia,43438,26.580089,-6.3229185
Kevin Cochran,37,876 Mcdonald Station,Sarahside,New Mexico,74884,157.721202,-69.7274565
Ryan Martinez,44,48584 Wendy Rapids Apt. 894,South Madisonchester,New York,75866,-97.588838,33.8041765
Juan Fleming,28,53650 Randy Harbors,East Taylor,Maryland,16518,111.831430,37.4239845
Samuel Anderson,41,126 Pope Villages Apt. 216,Perkinsland,Wyoming,16506,-3.494504,-54.3096505
Derek Cole,32,44734 Scott Ports Suite 473,Lake Juan,Oklahoma,66030,113.326011,48.292713
Brandon Tanner,20,351 Watson Gardens Apt. 154,Hendersonhaven,Idaho,86771,112.192081,-70.8662875
Krystal Booth,46,49681 Ashley Heights,Michaelton,Maine,88722,-7.934288,48.3119925
Laura Roach,45,9159 Fuller Club Suite 660,New Jamie,Alaska,06525,-149.850358,88.133348
Jennifer Smith,53,07312 Jerry Mount,Williamsberg,North Carolina,51005,50.810215,-12.9038715
Randall Carpenter,23,8611 Brandon Circle,Lake Angela,North Dakota,36292,52.357807,-62.787497
Kevin Stevens,43,4036 Angela Walk,New Benjaminmouth,Alabama,49924,-172.054790,23.6361615
Charlotte Richard,20,23034 Smith Green Apt. 385,Christophermouth,Missouri,01024,-80.504283,-86.9718165
Jeffery Young,45,429 Pope Curve Apt. 275,East Nicoleborough,Michigan,67664,-164.353311,-17.7133225
Mark Hampton,55,1804 Jacqueline Extension,Lake Lawrenceburgh,Nebraska,73346,105.803212,61.6091295
Barbara Mcfarland,65,642 Richmond Circles,West Tara,Michigan,85246,58.473597,-36.040294
Alison Wise,23,18369 Dunn Road Apt. 796,East Allenbury,Montana,28022,84.559696,72.5419035
Elizabeth Copeland,42,654 Stephanie Neck,North Jessica,Connecticut,92055,-168.814544,-14.8367105
Jackson Campos,55,86046 Knight Walks Apt. 057,North Josephville,North Dakota,89530,-134.242622,66.3455765
Denise Mathis,22,5433 Meghan Extensions Suite 483,Barryside,Nebraska,12560,-104.973245,-71.0868035
Shannon Taylor,62,0292 Walker Rue,East Lanceview,Florida,73269,125.884508,1.334124
Jared Lawson,54,104 Crystal Cliff,Vincentmouth,Rhode Island,17174,81.109798,9.6526345
Andrew Webb,61,11723 Sanchez Ports Suite 472,New Kristineview,North Dakota,92907,141.554572,63.9453045
Evan Hernandez,45,185 Pratt Spurs,North Abigailberg,Utah,72294,30.944089,51.2751835
Christina Kelly,55,4684 Doyle Glen,Hendersonmouth,Louisiana,75079,-150.650711,66.146193
Kelly Rose,46,080 Vargas Falls,North Williamland,Michigan,90965,83.545384,75.380479
Catherine Oliver,53,47552 Christopher Road,Lake Courtneyville,Wisconsin,14310,94.251611,37.2804165
Robert Roberts,20,691 Robert Squares Suite 922,South Tabithaborough,Ohio,02690,144.240099,4.1087225
Bonnie Klein,31,85975 Ashley Ford Suite 582,Baxtermouth,Texas,06568,-115.260223,22.774917
Thomas Haynes,20,754 Dawn Mission,West Juan,California,77451,170.665287,32.9909505
Barbara Johnson,55,1431 Christopher Burg,South Andreamouth,Connecticut,90041,127.409221,47.9943615
Andrea Hill,35,849 Hubbard Lane,Zunigamouth,Virginia,22232,177.849769,43.2252155
Miranda Phillips,25,4256 Elizabeth Isle Suite 318,Hicksberg,New Hampshire,58201,94.067070,-67.695026
Megan Hughes,62,506 Hodge Parks,New Denise,Alabama,51995,73.753784,-25.513469
Paul Mcmillan,32,99220 Combs Isle,Lake Heathershire,Kentucky,35162,-150.624916,45.0510115
Amber Bowers,30,643 Ralph Park,Hodgesview,Nebraska,95898,110.070055,47.5165255
Elizabeth Simpson MD,63,06911 Jessica Terrace Apt. 267,Anthonyburgh,Idaho,22218,-53.272622,-25.568522
Samantha Stewart,25,986 Strong Path Apt. 210,Lake Donnatown,Alaska,42188,-125.881149,68.524673
Michelle Ayala,32,539 Perez View Apt. 977,Wadeborough,Oregon,15266,69.894705,-62.729607
Terrance Evans,55,9605 Mejia Stream Suite 853,East Christinaview,Pennsylvania,42676,-21.099337,-33.4501715
Linda Faulkner,64,78837 Patterson Tunnel,North Cassiebury,Illinois,72890,-179.356167,-47.207791
Elizabeth Chen,34,1125 Diana Villages,Berrybury,Wisconsin,84918,-55.475337,87.948371
Marcus Morrison,22,20436 Jamie Drives,New Greg,Alaska,39695,-17.780034,72.0840805
Cassandra Bowman,61,612 Warren Squares Apt. 071,Mercadomouth,North Dakota,53233,-6.815140,44.334809
Ashley Soto,20,651 Baker Views,Lake Traceyfurt,North Dakota,12241,-15.840667,-80.2759025
Jonathan Brown,22,34229 Mccarty Fall,North John,North Carolina,20218,43.507185,79.689715
Alexander Gross,37,24610 Jasmine Road,Pearsontown,Virginia,51857,-118.754417,-75.261026
Michele Estrada,34,638 Gina Junctions,Port Yeseniaborough,New York,47685,167.217743,24.574215
Willie Martin,43,45062 Trevor Land Suite 797,East Alex,North Dakota,86208,133.194232,75.8167125
Brandi Romero,57,66559 Cooper Throughway Suite 435,Websterchester,Ohio,12835,-49.889275,44.0470845
Angela Johnson,54,2121 Regina Trail,Jeffreytown,Missouri,57724,-111.160877,28.0844605
Paige Mueller,21,93297 Sandra Mews Suite 579,North Elizabeth,Nevada,50260,-56.952801,-33.155194
Joel Weiss,39,40892 Sanchez Stream,Port Deborahberg,California,49141,-105.853428,81.9965635
Bradley Dixon,44,24659 Hill Glens Apt. 499,Dianafort,Virginia,21093,-1.039491,1.4852275
Jennifer Hoffman,38,475 Barnes Passage Suite 266,North Scott,Connecticut,22259,24.231700,-63.439067
Sandra Nguyen,32,08842 Cochran Prairie,Lake Josefurt,Minnesota,71789,65.984253,-17.407663
Michael Mathis,30,8588 Baker Plain Apt. 709,Brooksfort,Nebraska,02684,137.800253,78.7941605
Matthew Schmidt,44,5764 Harper Groves,Hollandside,Nebraska,67060,177.894323,-33.7899095
Thomas Tate,25,9374 Courtney Overpass Suite 966,Mitchellland,Maryland,90893,82.892014,-4.769083
Paul Reed,32,6318 Grimes Valley,Danielberg,Washington,26954,-35.904109,-33.2977945
Bailey Escobar,61,3707 White Pine,West Tonyamouth,West Virginia,01289,130.890908,56.5665095
Tiffany Lewis MD,45,38078 Alison Key,Lake Zacharyside,Maine,86490,-142.752432,10.9770485
Cody Mcmillan,38,4096 David Fords,Gregburgh,Virginia,89758,-90.429234,37.781643
Amy Thomas,50,2753 Fuentes Field,Corystad,North Carolina,15149,81.644732,-42.3903675
Teresa Huff,28,86276 Ann Curve Suite 423,Susanberg,Pennsylvania,60122,142.477941,-76.1938145
Jennifer Allen,53,307 Barr Coves Suite 645,Port Alexis,South Carolina,70570,-117.049025,25.630713
Richard Griffith,37,061 Olivia Lock,Martinside,Washington,68856,-130.125365,58.928116
Joseph Mcdaniel,40,936 Lawson Center Suite 388,East Laurachester,Nebraska,10063,107.171879,80.282537
John Davis,36,042 Craig Green,Port Mariaton,Iowa,65127,-169.361440,37.4431895
Charles Ward,37,3672 Burton Valley,Juliechester,Texas,43880,-6.770254,52.467596
Heather May,56,73864 Morgan Villages Suite 687,West Andrewberg,New Jersey,11499,-67.377052,-76.997021
Brian Torres,44,63670 Smith Viaduct Suite 434,Fernandezside,New Hampshire,40269,-14.790591,-86.4276775
Jeanette Holden,64,077 Michelle Ramp Apt. 089,Scottview,California,74970,71.772579,8.3180135
Isaac Stevens,42,96514 Elizabeth Pines,Port Cindy,Rhode Island,59443,-16.809394,49.498013
Heather Jones,44,138 Jamie Lake Suite 465,North Danielmouth,Hawaii,99356,-79.729544,7.547418
Laura Martin,60,2723 Christopher Circles,Davishaven,Alaska,89183,-96.181405,-77.9177615
Mary Bowers,44,14804 Gardner Green,East Elizabethstad,South Carolina,86961,-83.951347,-87.308540
Kevin Alvarez,20,97621 Jeffrey Squares Suite 899,Tylerton,Oklahoma,56465,102.838385,50.644835
Brandon Ritter,58,462 Karen Overpass Apt. 041,Chavezfurt,Georgia,87232,-64.671841,-41.8940515
Taylor Beasley,29,19038 Kathryn Isle,Brownton,Washington,24789,-117.559492,-71.9925745
Heather Leonard,59,4410 Collins Mountains Apt. 247,Leahshire,Utah,64168,46.131731,1.193030
Marcus Hansen,43,51196 Olson Village Suite 322,North Fernando,Nebraska,06046,-56.711621,-46.8562025
Joyce Glenn,39,13775 Schaefer Plain Suite 096,Oscarport,Wyoming,62299,135.815138,-80.363001
Daniel Lucas,37,322 Jill Lights Apt. 496,Moralesberg,Ohio,94994,175.583030,-82.9598355
Michael Scott,51,4864 Stanley Locks,Marcusland,Utah,31657,-64.471574,-19.253413
Dennis Mercer PhD,28,34042 Cassie Wall,Coopermouth,Colorado,86359,22.852674,51.8490975
Sarah Francis,42,343 Davenport Falls,Lake Brenda,Vermont,12999,167.924695,-29.609590
Jacob Shah,29,1975 Freeman Motorway Suite 906,West Carolyn,New Mexico,42828,179.158509,-17.719240
David Duffy,31,6483 Kristin Camp Apt. 539,New Allen,Georgia,67602,75.341299,19.8147305
Stanley Jenkins,60,81006 Barbara Isle Suite 258,North Mariaview,West Virginia,21877,138.342137,39.7554425
Norma Shepherd,38,341 Antonio Turnpike Apt. 434,Patriciafurt,Massachusetts,66240,-0.477292,34.7668635
Theresa Hall,24,43743 Kenneth Shoal Apt. 673,Port Julia,West Virginia,02897,77.818293,87.206310
Deborah Patterson,25,887 Evans Ports,Coleberg,Georgia,47196,166.583587,-58.310068
Darren Briggs,31,51092 Dean Trail,Vanessafurt,Tennessee,56519,33.040425,-55.5907415
Amanda Bennett,49,711 Hoffman Ranch,Lake Carmenville,Alaska,31064,-124.269863,-12.903258
Sandra Brewer,54,0465 William Court Suite 537,Michaelbury,Mississippi,58865,-86.236118,-87.6654905
Pamela Gomez,63,507 Miller Plains Suite 369,Lake Ashleyton,Rhode Island,01905,-128.265890,71.850912
Douglas Vargas,31,48772 Kevin Underpass,East Amber,New York,68065,121.902625,58.311825
Amanda Boone,57,3921 Mercedes Drive,Valenzuelafort,Colorado,96751,-23.493791,-37.845421
Julie Velez,25,29150 Michael Cove,South Kenneth,Michigan,84325,123.708247,35.8328555
John Contreras,63,34266 Christina Green,Scotthaven,Texas,54761,-21.053285,85.833687
John King Jr.,23,8812 Smith Pass,Mcculloughtown,Pennsylvania,38049,120.619391,32.818344
Melissa Morgan,36,191 Melissa Prairie,Port Geraldshire,New Jersey,39287,-71.947772,-55.2319125
Michael Carr,24,8005 Fisher Tunnel,Port Kimberlybury,Colorado,89142,122.557849,-64.4959365
Mary Smith,42,5870 Brian Trail,Smithfurt,Connecticut,12455,48.832238,9.2670695
Kimberly Crawford,35,786 Smith Circles,Gardnerhaven,West Virginia,13853,38.007102,-21.329261
Zachary Dudley,64,91341 Travis Gardens Suite 288,Whiteton,Illinois,81207,172.905107,-22.097649
Michael Nelson,41,73009 Zimmerman Rapids Suite 966,Jonesshire,Missouri,32296,139.498912,57.7986985
Samantha Hogan,54,16873 Zachary Hill,Nicoletown,Arizona,14473,-5.819571,-27.3696225
Mrs. Lisa Wilson PhD,50,3292 Alexander Lane,Bushberg,South Dakota,80709,53.239351,-19.4860985
Nathan Li,31,07282 Brown Point Apt. 132,Port Josephbury,Colorado,49846,-166.365867,-85.689992
Nicole Davenport,29,3226 Campos Ranch,Lake Ginaside,New Mexico,95853,-78.676884,23.042516
Debra Woodard,49,94785 Jones Pass,Amandabury,New Jersey,46766,-8.938911,1.4967065
Lori Lewis,22,977 Stewart Square,Lake Jennifer,Missouri,90917,-33.942192,-73.901619
Donna Blackwell,38,4161 Brown Pike Suite 515,South Kevin,Georgia,14592,-161.637613,-63.0712475
James Haas,31,17961 Veronica Circles Suite 155,Rickyview,Alabama,61358,-178.312705,64.540747
Yvette Smith,45,36076 Dawn Cliff,Port Timothyburgh,Kansas,35520,60.648008,-68.3128385
Brian Hart,33,3711 Andrea Turnpike,Simpsonside,Iowa,03859,43.574633,-55.6245945
Briana Robinson,52,6251 Nicole Dam,West Ricky,Oklahoma,86628,-90.806981,34.259021
Christopher Robinson,49,432 Dennis Gateway,East Michaelmouth,Maryland,40155,-96.791659,-67.1705775
Christopher Smith,48,6451 Ford Underpass Suite 709,Randallmouth,Iowa,82887,-54.596304,28.2893975
Peter Martin,40,53218 Simpson Plaza Suite 463,Port Staceybury,Connecticut,36785,162.571413,-16.4505555
Chad Daniel,50,01113 Kevin Light,Sydneyfurt,Nevada,59872,-160.750441,57.964861
Benjamin Lawrence IV,40,841 Shannon Flats Apt. 621,Port Shawn,Idaho,49890,-87.841256,25.837145
Thomas Barnes III,45,1904 Alexandra Plains Apt. 550,East Theresa,Arkansas,06351,50.859872,-63.2261675
Kathryn Harris,54,497 Roy Oval,South Richardland,Hawaii,50979,-131.123019,-78.6874485
Sharon King,43,3070 John Walk,Kathleenmouth,Rhode Island,50289,-68.699821,15.689504
Amber Johnson,33,48355 Robert Summit Suite 292,East Dawnhaven,Indiana,56815,-1.210352,50.724294
Mark Turner,23,307 Michael Gardens,South Michaelview,Delaware,98458,-104.131001,-0.2121145
Daniel Campbell,29,02173 Mark Trail Apt. 424,Hannaburgh,Arkansas,81361,-21.146118,-47.659287
Tommy Dixon,65,721 Johnson Lodge,West Andrewmouth,South Dakota,83115,2.690243,80.2470545
Melissa Roach,55,802 Melissa River,North Kimberlystad,Illinois,92045,82.841119,45.6648865
Adam Ward,53,9833 Martinez Turnpike,Edwardland,Illinois,13952,70.202832,-71.122050
Kim Rogers,37,3501 Mckenzie Path Suite 618,Leehaven,Kansas,69035,156.882272,64.7698255
Elizabeth Benjamin,37,6284 Keller Brook,Jacksonburgh,Texas,41025,150.146990,-1.214808
Olivia Dixon,52,08663 Miller Walks,Crawfordhaven,New Hampshire,63663,-173.392641,-30.953316
Dr. Marilyn Wilson DDS,60,0309 Joshua Expressway Apt. 962,Samanthahaven,Tennessee,88610,-62.052664,-70.2645915
Erin Hahn PhD,26,434 Jose Fields Apt. 550,Johnsonville,West Virginia,10542,162.212325,-57.919285
Kelly Smith,44,44161 Gwendolyn Via Suite 970,North Justin,Wisconsin,08125,-10.717065,-66.3366085
Thomas Dennis,47,332 Rita Vista,South Robertmouth,Mississippi,56749,150.498791,-24.7598815
Justin Johnson,46,129 Edward Fall,East Kimberly,Rhode Island,58655,-82.062921,81.0992955
Maria Garza,54,599 Reynolds Ville Apt. 497,Elizabethchester,Alabama,89472,129.820860,-42.152923
Sarah Hebert,59,15599 Megan Plaza Suite 156,Cookside,Montana,71500,-144.514922,-15.7091185
Dawn Anderson,57,9462 Bender Pike Suite 606,South Joyce,Wyoming,81756,-135.657657,9.4983045
Mike Lindsey,39,84074 Mikayla Mission Apt. 467,New Crystalport,Illinois,84111,-65.755392,5.436083
Gabriel Porter,35,830 Jackson Drive Apt. 782,Cynthiafort,Pennsylvania,53971,-152.528530,-85.6596165
Jeffrey Moore,62,36277 Myers Street Apt. 969,Rodrigueztown,Pennsylvania,87422,20.822403,61.6064685
Alexander Adams,59,03743 Deborah Roads Apt. 406,Port Norman,Oregon,36698,-170.909132,-57.3522745
Ronald Brown,65,151 Crystal Trail Apt. 277,West Amanda,Kentucky,22908,-42.897865,-16.1373495
Alicia Owens,57,375 Hughes View,Jessicaport,Virginia,74571,-12.175624,5.246011
Debra Davies,40,77362 Gonzalez Dam,South Mark,Missouri,19644,-104.786390,79.9092405
Dana Howe,61,39740 Paul Cliff Suite 912,Yolandaview,New Hampshire,80206,146.730778,33.537094
Susan Wong,56,9335 Joshua Wall Apt. 596,Davidstad,South Carolina,73390,-86.207768,-30.8611515
Timothy Taylor,27,8115 Phillip Stravenue Apt. 605,Greenville,Idaho,15265,-102.775350,-50.335412
Joann May,27,448 Bryan Station Apt. 652,New Charles,Maine,03204,45.136253,59.1075435
Stephanie Henson,29,847 Cody Island Suite 409,East Jamesberg,Kentucky,61045,-12.555939,18.947764
Matthew Estrada,37,17801 Roy Divide,East Amanda,Nevada,45419,-94.178099,-39.3884635
Frederick James,21,983 Williams Loop Suite 705,Jacksonburgh,Washington,16916,125.222882,27.9452885
Maria Weeks,28,1010 Ellis Cliff Apt. 104,Simmonsborough,Colorado,18404,152.727638,-17.597981
Cynthia Brady,22,2788 Thomas Hill Suite 405,South Michael,Missouri,05688,9.880179,-87.245926
Sandra Miles,59,119 Samantha Radial Apt. 613,Melissaview,Connecticut,10286,40.378018,41.6022895
Michael Murphy,42,1258 Gordon Villages Apt. 588,Burgessport,Illinois,92548,-90.436639,78.608406
Rhonda Graves,40,86166 Phillips Passage,Tammyshire,Pennsylvania,70065,123.426994,-56.3684265
Danielle Simpson,25,5443 Rogers Grove,Tarashire,Iowa,17404,160.192976,-10.758481
Destiny Williams,31,166 Daniel Pine Apt. 360,West Daniel,Mississippi,14290,-167.856124,-47.472551
Roger Cox,58,29262 Monica Lock Apt. 889,Port Josefort,New York,56623,-119.931378,27.4617315
Pamela Smith,51,21362 Matthew Groves Suite 956,Johnathanberg,Colorado,23678,-23.424011,-28.483438
Roberto Gonzalez,33,538 Renee Corner Apt. 445,Poolefort,North Carolina,92112,-150.518251,37.4392795
Tanner Stewart DDS,34,2621 Lucas Grove,Valdezport,West Virginia,16027,-11.645788,-30.3166165
Shannon Williams,48,302 Richard Trafficway Apt. 046,Chelseaview,Michigan,54357,-62.768763,53.935251
Melissa Garrett,38,0032 Jared Mountains Suite 801,Lake Robertchester,Missouri,74344,1.414097,10.4640155
Zachary Parrish,28,322 Maria Canyon,Cuevasmouth,Vermont,15160,112.699652,14.397561
Ann Collins,49,079 Miller Lights,Natashaland,Connecticut,52259,-79.846440,-42.9170075
Mary Elliott,21,50845 Park Gardens Apt. 252,Bradfordbury,Wyoming,99273,-124.669210,-31.9444615
James Graham,43,69622 Taylor Knoll Suite 544,West Tina,Connecticut,31445,-159.746026,48.838723
Terri Crane,49,656 Cheyenne Centers Apt. 119,South Alyssa,Iowa,04709,138.166252,-19.922152
Amber Mccarthy,64,8278 Jackson Route Suite 464,Lake Brandon,South Carolina,19293,69.544687,66.059772
Gina Rangel,42,0732 Jordan Spurs,Luisville,Idaho,59848,-38.276890,-77.715427
Shari Jimenez,62,799 Kristina Plains,Richmondport,New Mexico,62389,112.127951,43.529367
Annette Jones,41,570 Aaron Forges,New Tyler,Oklahoma,84165,-60.253976,-27.719983
David Perez,49,4585 Glenn Parks Apt. 623,Scottfort,Vermont,35759,85.461989,-35.2929885
Jermaine Moore,35,80258 Brian Flats,Juliaburgh,New York,40040,78.476669,87.7230415
Marcus Scott,64,551 Parker Avenue,Lake Jenniferberg,Mississippi,73762,-54.183870,-33.049050
Eric Griffin,54,79222 Heath Oval Apt. 433,Michaelport,Rhode Island,65957,-19.934159,85.087319
Joseph Haley,27,7863 Rivers Row Suite 781,Sandovalberg,Virginia,36025,-29.174601,87.100904
Ms. Karen Jackson,28,45424 Hall Expressway Apt. 062,Edwardshire,Oregon,79364,42.846427,-20.6850735
Karen Green,55,338 Buck Road Suite 145,South Kevinberg,Arkansas,43606,-46.465677,-2.1623645
Scott Gordon,32,0175 Maria Cape,Bradshawmouth,New York,26960,152.553087,45.6020975
Sarah Ray,55,39437 Eric Isle,Stephanieport,Utah,80402,17.820716,68.2387565
April Johnson,25,0739 Kelly Mount Apt. 104,West Amanda,Oklahoma,64820,60.745999,82.309961
Sarah Soto,56,681 Kimberly Mission,East Juliemouth,Michigan,55714,21.609521,7.7212775
Autumn Anderson,60,87112 William Parkway Suite 896,Valdezfurt,Michigan,58665,-114.082865,5.1137315
Kylie Bradshaw,31,768 Wolfe Field Apt. 491,Jonesville,Texas,06463,-49.359239,88.9959475
Anne Donovan,34,63444 Mclaughlin Gateway Apt. 285,Lake Sharon,Georgia,49764,2.032806,-50.784908
Daniel Stone,62,409 Fletcher Highway,Walkerhaven,Indiana,71323,125.956991,-11.358956
Matthew Villegas,46,395 Martinez Lodge Apt. 786,New Betty,Mississippi,93345,119.648198,40.0529175
Charles Cooley,60,180 Mary Spurs Suite 791,Fishertown,West Virginia,42028,-124.026466,-48.536032
Kristine Fernandez,64,057 Robert Camp Apt. 911,Deborahton,Wisconsin,99749,44.271858,9.3027965
Krystal Adams,27,65240 Taylor Trace,Mcclureburgh,Mississippi,54501,-123.061451,51.819529
Patrick Beck,29,47577 Victoria Forks Suite 023,Candicetown,Oregon,42080,96.492275,27.0049425
Jennifer Spencer,54,1603 Richmond Mill,Frankshire,Kansas,31040,-26.976932,-84.414158
Dylan Olsen,63,3538 King Orchard Suite 907,West Isaac,Wisconsin,45313,76.491674,-80.6854055
Stephanie Sheppard,25,3161 Sarah Locks Suite 859,New Taylorberg,Colorado,52189,30.304435,56.1005065
Brett Collins,37,02008 Sean Radial,Thomasfort,Idaho,06292,50.571987,21.7200115
Amanda Adams,52,6976 Laura Mountains,Hughesmouth,Colorado,87358,155.271365,10.782707
Dr. Tara Davis,30,71998 Wells Drive Apt. 630,Sharpfort,Rhode Island,45638,-15.444498,3.9148705
Gabriel Green,54,8269 Paula Drive,South Eric,Massachusetts,81455,20.915273,64.824080
Lance Brooks,53,84500 John Flats,Paulmouth,Iowa,66760,143.816745,-75.127335
Carl Adams,26,67963 Yolanda Knolls Suite 176,North Jeremyshire,Georgia,55962,-71.343237,22.3928855
Marc Reynolds,24,1560 Spencer Route Apt. 346,East Lisatown,Georgia,30407,67.831924,32.4017355
Jamie Foster,61,97984 Baldwin Parkway,North Nicholas,Wisconsin,79045,137.764613,75.104424
Joseph Wood,40,2532 Austin Prairie,North Judyberg,Kentucky,75948,-107.710600,33.907001
Shane Gardner,42,5385 Elizabeth Plaza,Roblestown,New York,66569,175.076747,27.8746625
Nathaniel Perry,27,84206 Dean Locks,East Leahberg,Mississippi,09764,55.635896,45.2506205
Earl Richmond,45,958 Jones Lane Suite 823,Holmesburgh,Virginia,71442,-140.119031,-20.180240
Michael Wilson,60,66017 Tammy Mills,Gloriaberg,Connecticut,67969,121.758576,-0.501873
Daniel Lara,34,32196 Ortiz Rest Suite 810,Castilloburgh,Delaware,84383,87.824178,-9.8499165
Leah Alvarez,63,2409 Kelly Park,New Anthony,Indiana,27321,-27.244919,-51.256440
Joshua Vaughn,64,73542 Bonilla Valleys,New Ericberg,South Dakota,99644,-168.921827,-1.9466695
Teresa Hill,38,60108 Danielle Mews,Courtneyborough,Iowa,32356,46.786778,3.624760
Allison Schneider,27,22885 Miller Rest,East Kristine,Oregon,44032,19.949249,49.211798
Michele Robinson,25,983 Simmons Mission Suite 615,North Nicholasfort,Oregon,97843,-39.666007,87.151644
Amber Scott,54,63675 Cynthia Rue Suite 513,East Micheleport,Arizona,54164,-119.820849,80.5055685
Sandra Conner,48,11936 Hernandez Mountain,Juanland,Connecticut,14546,-172.689734,-30.3226655
Shannon Lambert,41,473 Thomas Ways Suite 084,Sarahville,Indiana,01051,149.328065,10.409872
Michael Smith,52,1467 James River Apt. 391,Tonyaborough,South Dakota,59512,-118.042993,8.4022485
Tamara Brown,37,817 Frey Brooks,West Laura,Oregon,38057,102.022407,37.459698
Nicholas Garza,50,5613 Ian Track Suite 733,Jaredfort,New Mexico,37173,54.077307,-42.838045
Kevin Hudson,59,0949 Ashley Trace Apt. 173,Port Nancyside,Kansas,36964,-63.916626,52.297080
Adrienne Carter,47,912 Angela Isle,West Billy,North Dakota,45869,9.503902,-12.720412
Shawn Roberts,35,519 Mcneil Station,North Kennethchester,Ohio,09825,-93.092331,10.5072255
Shawn Vargas,31,9422 Johnny Manor,Waltersberg,Montana,40325,128.615349,11.9928955
David Dennis,64,56354 Lowe Square Suite 060,South Sean,Montana,24476,-154.094721,3.462488
Melissa Johnson,21,7289 Jonathan Meadow,Williamsfort,Connecticut,00923,-73.633972,43.420158
Sheri Gallagher,30,07747 Herman Glens Suite 316,East Alanfort,Louisiana,34266,122.422181,1.321300
Rebecca Lindsey,29,5482 Kathryn Track,Lake Richard,Massachusetts,48759,-63.339827,52.6543935
Paula Ortega,40,4210 Vanessa Fall Apt. 051,Coxton,Virginia,97134,84.666693,-82.285182
Mr. Steven Cox,26,22036 Mason Forges Suite 322,Lake Jonathan,Tennessee,07962,79.584503,-53.4410895
Sean Cuevas,21,7244 Dixon Stream Suite 536,Jenniferside,Kentucky,03289,61.936475,83.750053
Jonathon Reyes,41,9782 Ward Mountains,Moralesport,Wisconsin,12966,7.153514,-58.092010
Matthew Barnes,49,57346 Lyons Mews Suite 085,South William,Idaho,12119,163.695604,85.413073
Anna Carr,38,0854 Robinson Loaf,Lake Joshua,Alabama,59476,50.081447,58.3141035
Cassandra White DDS,48,153 Howard Manors,Port Oscarborough,Georgia,78064,114.779712,2.9538775
Valerie Conrad,37,9627 Mills Union Apt. 612,New Gregton,Iowa,76342,-50.413333,51.401694
Katie Farrell,35,063 Rocha Rest Suite 076,South Bethany,Nebraska,98410,-123.734438,29.4476895
Frank Adams,59,5267 Tyler Ridge,West Robert,Wyoming,70627,-177.703659,-37.457126
Mitchell Russell,30,79117 James Coves Suite 092,Howardborough,Kentucky,94414,-28.380281,72.435193
Megan Watson,36,293 Taylor Junctions,Simmonschester,Tennessee,81981,-95.891210,81.8625175
Erica Skinner,48,835 Dominic Corners,Mosstown,Illinois,99699,16.862937,16.535758
Craig Chavez,20,7449 Jimenez Place Suite 870,Jacobfort,Alaska,50235,-32.383131,-52.559744
Andrew Gordon,47,192 Madden Turnpike Apt. 505,Brandonfort,Nebraska,41854,-29.411431,54.986258
Anne Williamson,36,58969 Weaver Neck Suite 405,South Wendyberg,Idaho,12211,120.016448,-39.4740815
Mark Chan,24,4228 Alexander Stream,Matthewchester,Hawaii,10760,-108.369319,-16.1330345
David Cruz,26,38425 Young Mountains,Dominguezshire,Montana,66845,150.585008,42.383245
Stephen Mcconnell,53,5512 Todd Run,New Scottstad,Vermont,76829,-103.179346,44.9794145
Dawn Barker,21,597 Thomas Spur Suite 345,North Megan,Rhode Island,51499,15.366072,68.2836755
Annette Shaw,29,1082 Scott Green Suite 674,Traceyside,Nebraska,73742,82.474975,40.692534
Michelle Spencer,36,042 Benton Isle Suite 738,Martinezburgh,South Carolina,68908,-155.726760,-6.2087915
Nicholas Christensen,21,72665 Daniel Rapids,North Alexis,New York,55915,55.307829,-8.566008
Edwin Crawford,37,32377 Christine Shoals Apt. 888,New Tammy,Louisiana,06253,-15.257615,78.242512
David Taylor,42,2480 Jorge Park Apt. 688,New Nicholasshire,Washington,42215,-41.705728,-11.916465
Diane Carter,26,611 Anderson Plaza,Lake Hollyville,Maine,98645,9.743083,-48.259363
William Padilla MD,47,7933 Katherine Circle,Whiteborough,Texas,38586,86.575030,-49.3893435
David Guerrero,29,81568 Nathan Curve Apt. 161,Armstrongton,Ohio,75448,70.823925,40.578025
Amanda Braun,48,397 Sullivan Glen Apt. 706,Nelsonfort,Hawaii,32344,151.425516,14.918655
Patty Turner,59,221 Katherine Gardens,Garciaberg,California,42656,-52.459033,-13.318449
Katie Prince,25,1672 Drew Ways Suite 705,East Jesse,Michigan,90333,99.275275,-44.037819
Kylie Reed,41,0087 Elizabeth Key,Amytown,Wisconsin,68409,137.305885,-36.6455775
Kristen Harvey,60,822 Kristi Lane,Kimberlymouth,Ohio,49988,55.199113,45.9403995
Carol Rios,23,704 Shaw Shore,Leeport,Oklahoma,04877,-24.902075,-32.956086
Daniel Flores,33,89745 Thomas Branch,Martinezside,Georgia,43296,105.481834,-53.4773085
Andrea Castaneda,62,9486 Brendan Mill,North Joseph,Oregon,87359,18.073792,-15.387829
Cynthia Curtis,56,041 Stevens Locks Apt. 307,Chavezfurt,Ohio,62963,-68.778708,-58.496462
Teresa Wright,23,32558 Gonzalez Mountains Suite 946,West Amandahaven,Nebraska,62001,60.313303,-9.097159
Robert Thompson,50,53205 Margaret Neck Suite 586,Autumnland,New York,44377,-134.891889,-89.745856
Alex Greer,29,861 Guy Place Suite 376,South Lauren,Delaware,01795,-94.767105,-5.043768
Beth Stafford,35,49670 Amanda Junctions Apt. 270,Kimberlyland,Montana,28905,51.418619,60.3784605
Nathaniel Hughes,54,5964 Gregory Valleys Apt. 605,West Robertchester,Louisiana,40153,26.537213,-86.8781755
Justin Morrow,38,591 Kyle River Suite 217,Robinsonmouth,Kentucky,40094,137.948166,40.025499
John Barrera,33,42185 Tricia Route Suite 263,Nelsonton,Virginia,71022,60.775004,67.6513075
Heather Johnson,61,121 Keith Ranch Apt. 022,North Johnathan,New Mexico,38625,120.233641,-59.2481575
Victoria Bryant,61,3380 Robert Walk,North Emily,Missouri,09603,-178.335455,-47.8083235
Michael Kelly,44,2324 Gregory Glen Suite 963,New Jennifer,Nebraska,08739,34.299265,-75.2824325
Jeffery Doyle,41,603 Joel Locks,Davidborough,Washington,51887,-108.917531,-76.0757605
Carlos West,34,643 Casey Ways Apt. 901,Lake Taraville,Missouri,16751,41.974171,63.9454885
Abigail Bass,58,479 Johnson Squares Suite 677,Lake Richard,New Jersey,85234,7.010424,-25.025641
Michelle Roberts,39,2754 Logan Isle Apt. 803,Lake Audrey,Kentucky,51171,165.497670,-7.9551535
Melissa Ortega,62,317 Gates Dale,West Marilyn,Delaware,83525,113.643497,14.2092385
Danielle Johnson,40,70174 Warren Loop,Lake Justinburgh,Alaska,19934,-54.043496,12.160733
Aaron Rivera,55,5907 Gonzalez Lock Apt. 168,North Stevenstad,Oregon,11453,-66.558097,32.3409335
Larry Davidson,32,76997 Dawn Falls Suite 155,Watsonland,Utah,70328,59.759043,-19.853048
Brandon Coleman,37,9592 Schultz Ranch Apt. 616,New Lisa,Minnesota,47006,-109.855894,71.9849155
Sandra Ruiz,50,86136 Steele Divide Apt. 468,Shaneview,Tennessee,47045,6.015179,50.7855735
Amy Hayes,23,7457 Christopher Views Suite 099,Ryanhaven,Nevada,75426,-104.709425,82.0024605
Angel Phillips,25,288 Anderson Mill,West Caleb,Tennessee,68553,72.717956,-6.0239615
Destiny Curtis,27,297 Gomez Walks,Jenkinsport,Illinois,04835,-4.738170,7.779804
Kathryn Johnson,46,1471 Bush Shoals,Williamsside,Colorado,66953,47.754942,81.3953495
William Sanchez,42,713 Calhoun Drive,Lake Sara,Georgia,68644,154.123387,-82.6839525
Erica Galloway,56,412 Walker Springs Suite 050,Lake Elizabethfort,Connecticut,26934,153.187058,-70.6595165
Dr. Michael Parker,23,024 Harris Manor Apt. 942,Wrightport,Maryland,47025,25.447897,50.533635
Ashley White,20,722 Christian Hill,Gibsonburgh,Idaho,22849,-51.828085,70.1229695
Antonio Wright,36,202 Chad Ford Apt. 109,New Shannon,West Virginia,64874,93.274326,-40.637326
Krystal Johnson,38,549 Miranda Port,Cynthiaville,Iowa,87448,-50.054793,61.6205295
Connie Mccarthy,37,32032 Townsend Pass,East Courtney,Oregon,76062,137.265163,-65.9843625
Cynthia Stout,38,90898 Matthew Port,Mariahland,Georgia,18371,142.609602,60.7797875
Regina Hunt,59,5644 Lee Knoll Suite 116,Jacksonview,Delaware,98583,46.933653,7.044958
Laurie Mcfarland,38,634 Gomez Common,Morrisshire,Hawaii,13668,149.572905,48.432476
Rebecca Wallace,29,635 Ford Ridges,East Alexis,Texas,47057,-155.389091,-22.238692
Kyle Sloan,49,0805 Carmen Port,Lake Pamela,Kentucky,47703,-144.791816,64.3556775
Breanna Vasquez,49,6577 Gray Knolls,Port Elijahville,New Hampshire,56067,-51.999280,73.781142
Kimberly Wells,48,18633 Henry Crescent Suite 764,Michaelville,Maine,83343,-89.770873,-11.5121255
Courtney Williams,48,03285 Smith Manor Apt. 704,Garciaside,Alaska,65956,-115.370544,47.0278345
Eric Yang,55,3181 Joseph Light Suite 029,New Sandraport,Florida,83986,-107.211856,-83.534181
Amy Archer,23,4346 Sarah Bridge Suite 614,Michaelstad,Arizona,58992,121.948685,68.033287
Angela Hernandez,63,618 Melissa Cove,Marytown,South Carolina,03672,-29.333661,0.731344
Alexis Ryan,27,5982 Amy Squares Apt. 692,Timothytown,Indiana,88505,62.023221,-76.521820
Whitney Lee,35,2280 Fisher Unions Suite 205,New Robertborough,Delaware,86480,28.358824,71.7553945
Amanda Wood,22,200 Cheryl Way,South Virginia,Nevada,61005,-17.610844,79.081533
Haley Palmer,52,32157 Brown Mill,Sharpview,Connecticut,65009,124.695366,81.914010
Michael Martinez,47,321 Sawyer Track,South Kimshire,New Mexico,91966,-100.643477,-76.939065
Amy Miller,47,39049 Garcia View Apt. 586,New Paige,Oklahoma,10730,-150.293339,-64.369186
Richard Hernandez,58,92930 Cuevas Springs Suite 904,New Martinfort,California,51979,-64.474321,5.361789
Lindsay Cantu,58,1747 Elizabeth Square,West Brandon,Hawaii,78404,55.830626,-37.480942
Sharon Morris,45,753 Lewis Streets Suite 798,North Edwardburgh,Missouri,86749,97.477492,58.718189
Blake Phillips,24,06625 Smith Extensions Suite 164,East Sheilamouth,Kentucky,91509,98.358815,32.412157
Andrew Reed,40,744 Lamb Village Apt. 212,Port Angelafort,Minnesota,16248,52.700969,46.0920805
Robert Benton,24,03346 Mcdowell Mountains,Erikbury,Louisiana,61393,8.815170,-9.0382675
Kyle Johnson,53,963 Jackson Fords,New Tanyatown,Oregon,00865,24.671953,59.9714145
Steve Rivera,27,45076 Houston Manor Apt. 576,Garciashire,California,16588,-133.822050,71.3258085
Kevin Johnson,42,4246 Ryan Knolls,Cruzview,Vermont,92666,-119.663734,43.003419
Jennifer Peterson,52,014 Tyler Vista Suite 768,Sawyerfurt,New Hampshire,75028,-92.462299,1.2928415
Tanya Mckay,28,528 Chavez Summit Apt. 753,Mooreborough,Nebraska,68399,33.495492,66.6172735
Carrie Horn,60,2265 Robert Orchard Suite 328,Marissachester,Missouri,91478,25.404878,-29.641518
Alexis Jackson,59,26777 Donna Expressway Suite 513,New Michelleport,Arizona,98746,128.513181,-11.4890995
Frank Martinez,29,3792 Huang Loop,West Sandrafort,Idaho,48773,-91.620625,-86.033270
John Cox,26,197 Prince Walk,Port Markchester,Virginia,15637,143.682665,14.820879
Robin Phillips,20,077 Jimmy Burgs,West Christopher,Alaska,00750,24.714110,-62.7191235
Michelle Parker,46,9509 Clark Light Apt. 388,Pamelaburgh,Montana,88158,171.127860,-37.982962
Christopher Christian,53,5697 Shaffer Village Suite 396,Lake Crystal,California,57291,129.023418,88.5187745
Valerie Mathews,42,0707 Raymond Via,Hurleyfurt,Arkansas,92763,-146.852405,-43.5323345
Christopher Gardner,64,061 Raymond Prairie,Kempfort,Michigan,23998,-132.825637,-6.8197895
Brittany Wilkinson,27,21096 Nguyen Roads Apt. 187,West Davidtown,Mississippi,32208,-157.451619,88.2186605
Elizabeth Perez,28,928 Alison Avenue Suite 357,Youngport,Kansas,95439,86.912202,13.960103
Kristen Montgomery,36,8984 Karen Island Apt. 247,South Brenda,Wyoming,66903,-45.275364,65.6168555
Tony Tucker,46,257 Jeffrey Lakes Suite 411,Amystad,Utah,23439,-32.208611,6.542289
Robert Davis,46,3167 Walter Glen Suite 864,South Josephport,New York,53119,146.636997,-27.615049
Patrick Nichols,63,2883 Joanna Fork Suite 055,Murphyville,Alaska,41830,-86.918231,-41.892714
Julie Harper MD,39,6196 Long Way Suite 495,New Jessica,New Jersey,85359,111.793277,63.696287
Brandon Barton,50,682 Blevins Unions Suite 731,Matthewberg,South Dakota,16843,-14.828840,86.2592125
Sabrina Wilson,51,7904 Reyes Camp,South Oscar,Michigan,05185,164.023371,-16.664401
David Norris,45,443 Moore Island,Loriville,Kentucky,22603,173.334581,3.5763515
Meghan Howard,60,58641 Torres Junction,Tyronefort,Utah,90442,146.939742,-0.544594
Adam Green,43,652 Courtney Pines Suite 178,New Brentburgh,Arizona,39360,-94.620500,68.1915415
Tami Woods,58,952 Sims Lakes,East Nicholasmouth,Alabama,36085,-152.476062,19.4483965
Kathryn Jones,45,829 Meyers Avenue,North Sheena,Louisiana,47433,-123.182730,-60.9544245
Patrick Roberts,35,99913 Aaron Branch Suite 473,Bakerfurt,Maryland,39576,132.391375,-67.6287715
Victoria Smith,40,66362 Krystal Stream,Fletcherside,Mississippi,36068,56.352217,-62.2377945
John Watson,21,38858 Kenneth Squares Suite 508,South Virginiaport,Kansas,12088,172.038352,59.991804
Taylor Allen,64,434 Timothy Ferry Suite 230,New Briantown,New Jersey,24495,124.597953,-62.776909
Alexa Acosta,40,03915 Jill Grove Suite 317,West Scottfurt,Colorado,68573,90.145268,-53.344042
Bethany Stevens,53,6457 Jessica Rapid,Port Maryland,Maine,99102,-109.783941,23.1759915
Linda Bartlett,27,13484 David Shores,New Rebeccaport,Michigan,05180,125.507402,-32.030110
Jennifer Callahan,33,33343 Sarah Flats,New Evanton,Oklahoma,82846,-92.970904,67.175748
John Taylor DDS,21,3664 Nguyen Landing,Tinaton,Colorado,62362,-116.850063,73.384101
Elizabeth Williams,39,61523 Lewis River Suite 698,Ellisville,Georgia,48372,-174.763502,-4.354354
Adam Collins,32,5978 Garner View Suite 742,Randallmouth,North Carolina,10941,84.937822,-44.661036
John Perez,50,19559 Pham Shoals,Elizabethfort,Oklahoma,47806,-44.379110,71.184055
Dr. Carolyn Nicholson,49,5607 Duarte Crossing Apt. 062,Dustinbury,Rhode Island,86642,-102.788566,51.991649
Timothy Davis,63,003 Stevens Shores Apt. 221,East Dakota,Ohio,53681,-161.080372,-33.5438865
Robert Marshall,42,7313 Allen Squares,Port Kyleport,Connecticut,23817,76.659733,14.7057445
Dean Gonzales,48,27892 Allison Ford Suite 159,Lake Mary,Texas,32281,81.290884,24.273921
Jennifer Eaton,42,240 Stephanie Way Suite 718,East Dominique,Utah,70718,12.098360,42.126321
Thomas Wood,31,703 Smith Course,New Michelletown,North Dakota,10406,153.569452,-15.151299
Michelle Graham,39,707 Grant Ville,Port Mark,Alaska,14327,-72.108789,-72.2923515
Deanna Miller,51,6336 Davis Lakes Suite 119,East Deborah,Oregon,46029,-164.621780,-77.282250
Ana Yang,55,9016 Weaver Divide,Harringtonmouth,Illinois,46421,-66.781912,52.0452995
Lee Holmes,52,20872 Robin Trace Suite 529,Rogerfort,Florida,47318,-118.391867,17.793849
Gary Dixon,52,17154 Wendy Mall Suite 361,Rileytown,New Hampshire,73640,143.270221,-83.3274305
Bryce Cox,31,947 Richardson Ville Apt. 155,South Robinville,Maine,46082,160.358283,-1.1911365
Anita Perry,52,574 Daniel Tunnel Apt. 454,Douglasstad,Delaware,32593,26.111898,35.7268695
David Moss,43,755 Adams Cape,North Amybury,Kentucky,08352,74.160927,38.6859685
Samantha Rose,42,563 Arnold Forest,Marioland,Missouri,40297,-139.931689,9.5564815
Casey Howell,32,362 Smith Roads Apt. 706,Meyerchester,New Hampshire,10111,54.050143,13.2051705
David Murphy,34,4782 Michelle Crescent Suite 477,Port Davidberg,Mississippi,28745,60.892576,41.935560
Herbert Sweeney MD,21,7406 Daniel Ferry,Allenshire,Wisconsin,61914,73.492850,-56.3952795
Dana Schultz,55,287 House Glens,North Angie,New York,59605,-69.857786,-58.891885
Joanna Knight,42,92807 Raymond Expressway Suite 920,Nicholasview,Kansas,65431,116.718743,-7.492267
Amy Reed,27,01460 Mendoza Greens,North Tonyafurt,Oregon,27478,132.089779,-47.9768905
Brian Bailey,38,681 Lozano Spring,Lopezburgh,Oklahoma,39949,81.236002,-43.9807285
Elizabeth Baker,57,294 Lee Lock Apt. 179,Weberfurt,Vermont,29793,-170.683531,-70.4798995
Donald Ruiz,28,7881 Cummings Vista Apt. 825,Reedton,Michigan,84708,174.341252,-7.539166
Destiny Underwood,40,021 Wolfe Oval Apt. 326,Christopherfurt,Hawaii,33052,-33.764323,46.011373
Todd Casey,37,6986 Espinoza River Apt. 530,West Deborah,Idaho,02370,-15.228440,67.442080
Julian Wilkins,55,9773 Gross Avenue Apt. 198,Vincentmouth,New Jersey,09443,104.034997,-60.6886805
Eric Salazar,55,7020 Shannon Pass Apt. 440,New Dannyside,Florida,79350,-87.423330,57.933804
Mary Thompson,26,1816 Jonathan Fields Apt. 892,West Kathrynton,Wyoming,14666,-14.902674,-7.555192
Amanda Davis,61,4805 Smith Ford Suite 091,Jaredland,Michigan,78613,-125.778830,-25.012466
Jason Reeves,21,97481 Johnson Stream Apt. 429,South John,Illinois,93790,-83.031105,16.584326
Jennifer Dalton,57,527 Jessica Isle Suite 677,North Theresa,New York,79928,76.862082,-62.673093
Michelle Foster,39,344 Parks Glens,Masseyshire,Wisconsin,63068,-64.179672,-19.610598
George Perry,47,396 Paul Cape,Anthonyfurt,Missouri,42798,31.128899,-71.5955665
Peggy Arias,26,9013 Velasquez Turnpike Apt. 905,West Donald,California,72587,-142.793320,-56.7975095
Dr. Ryan Murray PhD,21,966 Dana Brook,Stevenchester,Louisiana,95338,41.736620,-25.305924
Michael Watson,43,9308 Kristopher Island Apt. 625,North Charlotte,New Jersey,64164,-11.099813,-78.886228
Jason Wade,36,471 Carpenter Highway,South Troybury,Alabama,75322,-81.752079,-2.5085195
Samuel Rose,63,46866 Chad Circle Apt. 197,Tammymouth,Idaho,01948,-43.859095,14.9641245
Joseph Trevino,41,86448 Nicholson Wall Apt. 269,Baileyton,Louisiana,18269,114.515161,-10.044418
Cassandra Kidd,35,464 Elizabeth Hill Apt. 240,Michaelland,South Dakota,34134,77.624042,-74.2467755
Kyle May,61,64467 Kristen Ville,Lisaview,Utah,70675,27.826225,-82.6125245
Justin Jones,31,58133 Stephens Divide,Veronicaburgh,Rhode Island,76256,-93.463682,-67.046891
David Heath,61,4215 Sarah Stream,Anamouth,Missouri,10685,-175.776363,-43.262239
Cindy Nichols,43,4377 Denise Run Apt. 389,South Julie,Rhode Island,77256,-149.279723,45.634743
Thomas Coleman,43,2436 Stephanie Corner Suite 541,New Cassandrashire,Nevada,65907,47.215180,-20.148643
Danny Reynolds,57,759 Perkins Shore Suite 848,North Andrea,Connecticut,81399,-53.779698,34.3003405
Ryan Garcia,60,7273 Buchanan Passage,East Anthonyhaven,Alabama,47056,-100.854782,-5.9674235
Jeffrey Holt,52,34808 Peter Isle,North Jenniferfort,Georgia,80133,-67.260614,77.869779
Terry Rodriguez,23,786 Willis Ramp,Mcmillanside,Oregon,69655,153.374276,34.916451
Marvin Lee,37,7486 Wood Extension Suite 290,Mariastad,Massachusetts,29380,63.994085,42.515864
Brandon Wilson,57,09814 Michael Union,Robertport,Massachusetts,31603,59.618528,87.973391
Tyler Malone,21,9520 Diana Stravenue,Port Meredithtown,Minnesota,10779,-167.267460,-77.1229575
Colleen Young,22,796 Mark Parkways,Davidside,Alaska,45183,-139.245987,-83.2907655
Daniel Donaldson,65,6173 Smith Summit,East Danielchester,Utah,09415,-8.495305,-3.6889425
Linda Thomas,45,61498 Madison Station Apt. 102,Port Aliciaborough,Pennsylvania,63739,-9.187370,-39.0893595
Justin Ramirez,41,39527 Erik Lodge,Lake Patrickport,New Jersey,03311,1.290019,-80.6509025
Andrew Gibson,20,397 Charles Extensions Apt. 441,Craigton,New York,84874,-107.902245,28.2611865
Derek Payne,49,86803 Thomas Junctions Suite 106,Amandaton,North Carolina,97564,-21.518631,-5.6112255
Jennifer Flores,45,102 Frank Meadows,East Jasonton,Utah,25361,175.755433,57.9964995
Jesse Duncan,32,4342 James Lakes,Valdezview,Wyoming,09503,-35.073364,-44.088376
Lauren Terrell,40,58109 Travis Greens Suite 176,Erinberg,Connecticut,87680,-131.022497,84.5291845
Samuel Keith,25,967 Robinson Points Suite 198,East Kayla,Washington,57180,-130.478650,-66.941506
Melissa Fisher,42,5797 Steele Mission,Raymondfurt,Montana,63713,137.374463,43.6901615
Amy Moon,36,413 Smith View Suite 295,Port Teresaberg,Kansas,20405,-161.900420,-22.120191
Alexander Osborn,38,9150 Chad View Apt. 322,Stevenland,Wisconsin,20080,1.925858,-49.4593715
Jose Tapia,44,73154 Rachel Track,Savagestad,Wisconsin,95554,-41.633137,24.9619075
Mrs. Jordan Gray MD,20,37891 Christopher Camp,East Haleymouth,Florida,97644,13.643277,5.0026745
Shaun Larsen,45,43816 Catherine Trafficway Apt. 008,Jeremymouth,Rhode Island,03223,-167.096670,5.318634
Michelle Cunningham,62,69105 Joshua Greens Apt. 963,Loweryview,Connecticut,27558,-153.024214,49.5758675
Michael White,33,654 Rebecca Stravenue,New James,Nevada,19077,107.981764,51.9086805
Eric Bartlett,42,13966 Jeffery Ford,Patriciatown,Minnesota,50026,-111.579780,24.5307535
Amanda Jackson,44,32175 Susan Overpass Apt. 483,Gonzalezmouth,Kentucky,05406,-156.355624,83.809564
Mr. Anthony Navarro,21,124 Leonard Ways Apt. 776,Kramerfort,Minnesota,54884,145.695131,-39.4574465
James Obrien,39,25637 Kim Fields Apt. 914,Jenniferside,Ohio,02512,-45.618598,-73.5419135
Jonathan Gross,49,474 Salazar Coves Apt. 129,New Susanshire,Iowa,36149,-157.501053,-57.076130
Stephen Lucas,22,35684 Conrad Creek,Paulstad,Oklahoma,56934,93.619807,62.4552085
Douglas Brady,56,775 Andrew Keys,Brianberg,Hawaii,81561,-66.817606,-69.357537
Juan Hill,32,982 Navarro Estates,North Jeffreyville,Virginia,82945,54.215196,81.413012
Kevin Sullivan,41,638 Ingram Estate Suite 932,Brookehaven,New Mexico,37219,-157.316077,12.813129
Douglas Hebert,35,1749 Benjamin Orchard,Manningburgh,Delaware,47547,1.442333,34.849380
Christopher Thomas,27,69574 Olson Ports Apt. 520,Juarezstad,Massachusetts,28996,21.414518,-56.5426705
Charlene Stevens,59,50968 Cook Road,Deckerhaven,Virginia,98466,-163.253927,-68.728273
Brittany Mckee,38,26387 Larson Crescent,South Josefort,Kentucky,32478,-157.497659,37.4794265
Karen Cortez,46,51750 Carr Avenue Apt. 843,West Pamela,Washington,48490,-127.150601,-67.452175
Steven Warren,40,6974 Frye Springs Suite 222,Lisachester,Missouri,39446,-1.579096,66.606034
Hannah Smith,60,7630 Smith Plain,Meaganfort,Maryland,63107,161.486284,-21.7735055
Kevin Lucas,40,6699 Larry Falls Apt. 294,Jonathanfurt,Indiana,82809,-7.253369,7.818777
Jessica Le,28,28959 Branch Branch,West Lorraineburgh,North Dakota,32684,-1.161787,-61.7859155
Jeffrey Terrell,59,3207 Jill Well,Lake Lisaborough,South Carolina,81748,-143.977744,38.220715
Jennifer Contreras,30,1725 Ramirez Parkways Suite 193,North Jeanette,New Mexico,06738,-130.594688,56.842751
John Cannon,63,78447 Reynolds Ways,Port Scottstad,West Virginia,37076,-155.506972,63.619153
Nicholas Wright,36,513 Berg Turnpike Suite 785,Mccoyfurt,Pennsylvania,87036,144.503536,18.056747
Fernando Haynes,46,89952 George Plaza,Torresside,North Dakota,09423,-111.184733,-1.8340905
Eric Hicks,32,4487 Smith Stravenue Apt. 378,Stacieview,Illinois,19730,64.618569,67.5033475
Julie Payne,29,81003 Tony Motorway,Tuckermouth,Colorado,16086,-152.241369,-70.013162
Ryan Fields,65,6487 Hodge Port Suite 707,South Margaretchester,Wyoming,22260,-86.449117,-31.055728
Mark Jackson,21,8646 Barnes Drives Apt. 765,South Paulland,Massachusetts,76921,-112.598295,28.7213655
Cathy Fletcher,40,44442 Jessica Fall,West Thomaschester,New Mexico,15977,-143.773928,-2.569375
Bonnie Wood,37,532 Nicholas Street Apt. 658,Bridgesmouth,Pennsylvania,31159,171.057708,79.216830
Rhonda Hamilton,54,361 Conway Keys,Gibbston,Missouri,51894,85.747155,42.484672
Garrett Harrell,65,299 Lynch Expressway Apt. 817,Port Calvin,Delaware,24859,47.231601,50.489818
Joshua Wallace,52,0663 Gomez Field Apt. 612,Hortonview,New Mexico,66995,85.240279,-78.0939545
Brian Gonzalez,62,742 Tiffany Plains,Garcialand,Oklahoma,21143,-177.696688,-5.0554675
Alicia Wilson,64,311 Christina Village,West Jamieport,Maine,07973,77.911752,48.401609
Michael Young,60,0688 Shelly Plains Apt. 415,Danielstad,Michigan,34138,7.067052,67.8145075
Brianna Palmer,54,873 Robertson Summit,East Brittanytown,Michigan,36523,-150.844214,-27.827457
Justin Gutierrez,27,8659 Richard Falls Suite 276,Alexanderton,New Jersey,45861,32.535840,68.5768685
Logan Harris,52,3284 Novak Forks Suite 861,East Michaelside,Louisiana,65640,20.039985,26.6567765
Shelby Wilson,27,01324 Jacobs Stravenue,Thomasland,New Hampshire,13958,-145.072921,48.860318
Joseph Davis,60,31813 Holden Lane Suite 661,Johnsonhaven,Montana,64329,122.930162,-73.6331415
Samantha Macdonald,62,388 Simon Corners,Port Rachel,Nevada,05151,-42.140071,32.4381375
Gerald Higgins,39,1064 Richardson Plains Suite 445,Michaelhaven,South Carolina,54262,-82.559789,74.9955365
Christopher Fleming,53,066 Erin Place Apt. 271,Deckerchester,Montana,87655,-153.112261,-27.720944
Tyler Cook,61,462 Benjamin Valley,Callahanbury,North Carolina,02165,92.606521,18.999986
Anthony Santos,33,611 Monica Green,Theresachester,Maryland,70041,109.965907,-44.534584
Christopher Long,53,47161 Huffman Parkways,Williamsview,Arkansas,40284,-65.238372,64.180239
Cheryl Smith,35,570 Blackwell Park,Jenniferberg,New York,30278,7.847967,-29.3700995
Nicole Bradshaw,44,155 Nichole Track,South Wayneview,Missouri,36740,-168.434406,12.434218
Jeffrey Love,57,944 Beverly Course,Trevorbury,Connecticut,47619,-119.741627,-54.581612
Kenneth Andrews,55,1493 David Loaf,Danielleport,Illinois,42610,-47.580739,62.566996
Holly Johnson,57,837 Moore Villages Suite 546,Stephaniehaven,Pennsylvania,17091,144.879075,-70.5394205
Sarah Miller,61,05607 Mitchell Bypass,Clinechester,West Virginia,51068,-56.033619,6.1557325
Heather Evans,23,81181 William Divide Suite 095,Edwardsville,Connecticut,36904,-118.963826,34.7277195
Juan Phillips,36,6671 Ayers Freeway,Port Brendan,Wyoming,79552,24.709412,-45.1154545
Christie White,20,453 Green Haven Apt. 797,Lake Leemouth,Hawaii,41143,172.935040,-4.191682
Katherine Woodard,26,4170 Jasmine Islands,South Chadmouth,Missouri,79205,106.894196,-46.300743
Sarah Pham,43,5377 John Wall Apt. 669,Rodriguezborough,Oklahoma,03271,-12.372532,22.810949
Henry Brown,20,915 Gomez Drive,West Shelleyhaven,Georgia,98361,-3.118005,63.0642645
Timothy White,62,5605 Allen Hills,Rachelmouth,Iowa,57847,-31.868234,-55.379327
Brian Lamb,20,42769 Danielle Unions,Pittmantown,Hawaii,91921,-157.781111,50.036851
Jennifer Stewart,49,99809 Katherine Trafficway,Edwardsfort,Montana,01116,-92.112059,-52.4797585
Paula Hudson,58,690 Williamson Via,Robertview,Nevada,41411,115.648364,-46.259958
William Lopez,45,813 Hayes Port Suite 683,West Kendrafurt,Hawaii,85875,-105.482405,76.6651415
Dustin Peters,55,865 Tammy Mountains,Lisaside,Michigan,82211,-80.961393,-22.7126805
Dustin Watkins,40,32750 Jose Throughway,New Benjaminfort,Wyoming,68905,51.633450,23.019413
Kimberly Schaefer,62,4768 Aguirre Extension Suite 147,Jenniferfurt,West Virginia,12296,-148.328575,-20.775886
Courtney Anderson,43,791 Petersen Camp,Riveraton,Kentucky,43557,-108.180136,-25.371552
James Vincent,31,1223 Conrad Forks Suite 899,Robertview,Hawaii,32465,-134.983592,-49.888418
Wendy West,63,241 Mark Brook,Port Frank,Kansas,52571,-157.522338,14.857425
Christine Smith,21,46229 Booker Villages,Jasminehaven,Kentucky,34684,151.978788,-23.148837
Andrew Burns,49,9572 Jennifer Falls Suite 820,Richardland,Minnesota,31491,42.957349,65.495043
Anthony Potter,20,6446 Thomas Knolls,Simonhaven,Alaska,50798,-21.346253,31.601601
John Thompson,47,1315 Justin Ferry,Flowerstown,Maryland,29819,-149.984716,35.1054655
Scott Duran,41,240 Penny Centers,Stephanieport,California,76151,-32.971883,69.107187
Adam Kramer,34,2115 Emily Extensions Apt. 225,North Carl,Nebraska,17246,-157.412966,2.773292
Megan Chen,45,0017 Mary Bridge Apt. 005,South Sandra,Illinois,17135,-135.354762,-50.6992405
Tasha Adams,21,0720 Michelle Canyon Apt. 571,Juliachester,South Dakota,98431,-125.334117,-21.8371185
Derek Hall,39,9125 Wilson Terrace,Hallberg,New York,43974,-66.875794,20.606257
Chloe Bell,48,858 Carney Inlet Apt. 790,East Lorraineport,Arizona,95941,18.073365,-68.674900
Gail Goodwin,58,29093 Gardner Valley Apt. 042,West Lauraland,Nevada,46707,152.563087,20.7635525
Aaron Pope,59,5733 Lindsay Prairie,Port Susanton,Alaska,34709,32.985266,6.1281115
Regina Rogers,62,98846 Bennett Pass Apt. 047,Harrisberg,Minnesota,82327,12.077675,-30.066309
Shannon Woods,37,6169 Murphy Crescent Suite 387,Stephenland,Indiana,16302,-23.763369,20.504222
Ronald Martin,37,277 Silva Camp Suite 037,Johnburgh,California,33565,100.164738,-81.625653
Andrea Johnson,61,585 Thompson Union,New Maryburgh,Delaware,83767,-122.107893,4.9854355
Sean Cobb,55,720 Dalton Throughway Apt. 404,Wallacemouth,Rhode Island,94957,-134.025936,70.811067
Megan Juarez,48,41847 Robert Spur Suite 625,North John,West Virginia,39650,56.817259,-13.7039655
Cynthia Keller,46,5003 Morgan Fort Apt. 165,North Jeffrey,Oregon,21591,-22.670945,-61.6274295
Christopher Williams,42,7433 Scott Isle Apt. 255,Staceystad,Kentucky,27997,-170.353939,20.5100895
Martha Ballard,28,43746 Hunter Mountains,Adamchester,New Mexico,67382,158.310446,72.2819705
Jason Campbell,53,1395 Wang Heights Apt. 079,Jeremyland,Idaho,43470,-39.345185,32.9358425
Brenda Anderson,61,399 Lee Locks Apt. 558,Aliciaberg,Minnesota,05220,-128.645698,-6.029783
Angel Sheppard,28,7562 Webb Fork,East Carrie,Michigan,56273,-142.278801,-7.1462305
Jose Day IV,65,3686 Louis Burgs,Port Rose,Pennsylvania,95665,-32.887726,-5.930349
Crystal Parker,63,293 Jaime Overpass,Edgarfort,Louisiana,40364,135.483773,-11.268522
Thomas Smith,50,999 Christina Pine,Gonzalesview,New Jersey,20475,41.602817,-80.7124845
Krista Payne,30,1687 Nelson Wells,Solomonfurt,Nebraska,78007,-13.644292,-15.203387
Cheryl Love,21,0092 Johnson Shoal Apt. 395,Barajasville,Wyoming,08622,-71.308193,-52.561030
Pamela Johnson,63,396 Sara Club Apt. 161,Port Anthonyton,Tennessee,41265,-119.010478,-66.6665185
Amanda Valdez,24,32706 Benjamin Ranch,New Amyview,Wisconsin,92044,7.860891,36.4097325
Andrew Martinez,39,2209 Hamilton Fork Suite 713,Cindyshire,New Mexico,47181,-76.581950,-80.344775
Timothy Edwards,32,657 Rachel Camp Suite 061,North Jessicaton,Oklahoma,56123,5.740441,-16.017608
Phillip Chambers,65,933 Aguilar Overpass Apt. 834,Dunnfurt,Pennsylvania,97390,-102.412408,54.8509985
Antonio Jackson,62,7393 Martin Islands,East Erin,Pennsylvania,72922,62.239515,-83.264301
Jamie Smith,61,682 Chad Courts Apt. 528,Aprilchester,West Virginia,02611,49.710341,39.524263
Kenneth Mitchell,36,75886 Sharon Mills,Caitlinbury,Nevada,23796,100.705963,52.8977325
Carol Maldonado,21,1546 Miller Drive Apt. 761,Port Craigshire,Utah,62520,159.695440,48.1286485
Brent Green,42,263 Williams Trail Suite 122,New Dylanport,Alaska,92869,-96.130094,9.430905
Karen Zhang,24,541 Catherine Radial Apt. 192,North Austin,Idaho,11228,125.431476,-59.459613
Robert Mays,41,244 Teresa Keys Apt. 444,Carterhaven,Delaware,25195,84.627073,-59.329657
Jennifer George,29,7932 Andrew Unions,Heidiborough,Mississippi,16228,116.449875,9.313046
Philip Pierce,37,5254 Andrews Extension Suite 273,North Markmouth,Wyoming,18946,-65.406598,-83.5540755
Valerie Ellis,35,652 Phillips Terrace Suite 554,New Jared,Oklahoma,27325,17.668274,39.922311
Michelle Spencer,36,750 Martha Street Apt. 577,Sheahaven,Kansas,28646,97.603575,-61.527664
Jack Rice,26,222 Katherine Mountains,Henrytown,Idaho,11936,179.483969,-0.789199
Lisa Casey,37,8634 Davis Mountains,New Jamieland,Delaware,56768,-133.999646,23.3211425
Stephen Bradford,60,83895 Wilkerson Avenue,West Dawntown,Oregon,74011,98.617759,-56.181268
Justin Wallace,21,5509 Kevin Plaza,Phillipville,Maine,08427,-8.927835,80.291690
Kendra Lopez,46,770 Colon Mountains,East Reneehaven,Mississippi,99318,148.821292,-39.005260
Gregory Warner,42,6440 Proctor Branch Suite 522,North Jasonhaven,Massachusetts,18686,65.058385,-46.0851985
Barbara Mccoy,46,16905 Morales Street,Antonioville,Washington,61465,-151.921056,73.3944065
Micheal Perez,52,774 Fitzgerald Road,Mcdanielville,Ohio,74116,-53.512942,50.4752845
Tiffany Powers,24,510 Stephanie Green Suite 390,Mcphersonberg,North Carolina,66927,-139.713123,-17.1483765
Christopher Matthews,22,4697 Travis Ports Suite 364,Steeleland,Maine,14534,117.616762,-40.302731
Patrick Burton,53,68648 Robert Causeway,Brianport,Illinois,05567,-117.876484,62.517969
Tracey Thomas,30,012 Tucker Meadows Suite 836,Courtneystad,Arkansas,75825,-142.005366,-67.5471905
Alejandro Cook,35,1176 Smith Ford,Port Tarachester,Missouri,62767,62.869932,-5.337049
Lisa Hart,40,9447 Thomas Crescent,Shaneborough,Nevada,93161,-144.775316,-40.8148115
Nicole Murphy,29,370 Schultz Forks Apt. 769,South Lucaschester,Connecticut,34482,29.556492,-21.101822
Heidi Summers,46,38872 Stacey Cape,South Amandaburgh,Minnesota,71783,108.633930,50.6647995
Adam Haley,39,4049 Gilbert Trace,East Karen,Hawaii,68854,83.575008,-8.8477875
Desiree Jones,47,43578 Elizabeth Squares,Christopherton,Nevada,84933,144.909766,81.8841245
Jessica Baldwin,36,0695 Gregory Circles,Anthonyview,Florida,46590,-122.538345,45.703381
Yolanda Willis,42,845 English Unions,New Thomas,South Dakota,59460,-27.958124,1.714129
Michael Johnson,41,3327 Erik Ville Suite 610,South Kayla,Utah,52708,-66.474602,78.442252
Dawn Cain,22,124 Scott Trafficway,Johnville,Washington,33644,-89.038807,39.9334015
Jeremy Lane,29,746 Bates Fort,Lake Larrymouth,Arkansas,26291,-144.631658,-3.483678
Eugene Cross,52,85458 Phillips Streets Suite 885,Robertborough,New Jersey,32674,-40.311080,8.6543365
Collin Calhoun,65,98392 Olivia Roads,Bateston,Florida,85552,-144.694046,51.290517
Ashley Harris,41,8618 Lawson Lane Suite 091,East Michael,Oklahoma,72191,156.328776,22.0032175
Rachel Arroyo,24,489 Ellen Cove,Port Jasminetown,Maryland,69919,42.702585,-2.9566105
Joshua Martin,32,59396 Rivera Walks,Franciscoside,South Carolina,84036,158.898296,-22.2941535
Thomas Zimmerman,62,29742 West Spur,North Lance,South Dakota,06383,162.971662,-46.179629
Brittany Garcia,61,01060 Bullock Corners,West Ashleystad,Tennessee,76854,-77.650056,-23.1943585
Shawn Goodman,32,6246 Andrew Union,Harrellmouth,Oklahoma,23081,-99.917580,-6.1548115
Amy Williams,44,9922 Nielsen River Suite 966,West Janet,West Virginia,82427,171.764386,-18.7742385
Valerie Jones,65,4516 Roy Club,Brookeborough,New York,29354,7.364631,-80.540748
Micheal Ramirez,24,46003 Mercado Circles Suite 867,Perezmouth,Massachusetts,05408,113.934376,-3.0089625
Tara Hull,20,5545 Cooper Summit,Carlsonfort,New York,10176,-135.792507,-30.4970955
Amy Shaw,47,4209 Margaret Plaza Suite 641,East Julianhaven,Florida,93948,104.063487,26.379057
Tamara Gilbert,50,54222 James Meadow Suite 942,North Gabrielbury,Iowa,45220,150.229220,-46.3921805
Jason Rogers,39,7763 Griffin Ways,West Kathleen,New York,38506,79.113526,69.694479
Michael Lewis,56,51412 Jackson Station Apt. 430,Carlaburgh,Arizona,24501,96.274927,1.5713595
Tammy Aguilar,58,7206 Riley Unions,Lake Rebeccamouth,Maryland,13192,108.614722,3.9603875
David Phelps,33,564 Kyle Mount,Jamieburgh,Texas,82877,39.824418,30.4700425
Christina Wilkinson,49,3476 Jessica Road Apt. 397,East Ericashire,Nebraska,76987,-52.741808,7.2963915
Jose Lopez,51,50810 Matthews Viaduct Apt. 938,Bryanmouth,New Mexico,76498,92.274346,-59.690751
Courtney Flores,42,224 Stewart Shores Apt. 030,South Crystalfurt,New Hampshire,18700,-18.897976,-44.926436
Kevin Schroeder,39,61805 Moore Streets,East Michaelfort,Virginia,72766,-16.318686,37.776397
Marcus Garcia,43,4887 Anna Gardens,Loriview,Iowa,51037,145.285894,88.527743
